User ID,Nombre_Completo,Rol_Hospitalario,Pais_Residencia,Ciudad_Base,Turno_Asignado,Estado_Cuenta,Fecha_Ingreso
-9199681687640069288,Allison Hill,Personal de Laboratorio,CO,Bucaramanga,Nocturno,Activo,2018-09-08
-9193934150920494444,Megan Mcclain,Enfermero/a,CO,Bogotá,Tarde,Activo,2017-06-17
-9191830081732737503,Allen Robinson,Administrativo - Facturación,AR,Buenos Aires,Administrativo,Activo,2021-03-24
-9191749289908035619,Cristian Santos,Farmacéutico/a,CO,Bucaramanga,Nocturno,Activo,2021-08-01
-9182435589647207226,Kevin Pacheco,Médico Especialista,CO,Cali,Diurno,Activo,2016-09-26
-9168474150838863023,Melissa Peterson,Directivo / Gerencia,CO,Medellín,Administrativo,Activo,2018-01-29
-9165338335002635023,Gabrielle Davis,Personal de Laboratorio,CO,Medellín,Tarde,Activo,2017-07-19
-9152452860227039335,Lindsey Roman,Personal de Laboratorio,CO,Medellín,Diurno,Activo,2023-03-31
-9144514600079356663,Valerie Gray,Médico Especialista,CO,Bucaramanga,Diurno,Activo,2021-08-24
-9142391767740311751,Lisa Hensley,Enfermero/a,CO,Bogotá,Nocturno,Activo,2021-11-15
-9138172700779425263,Amber Perez,Enfermero/a,CO,Bucaramanga,Diurno,Activo,2019-04-14
-9137590656624978948,David Garcia,Personal de TI / Soporte,CO,Bucaramanga,Diurno,Activo,2019-03-07
-9135169151023178981,Holly Wood,Farmacéutico/a,CL,Concepción,Diurno,Activo,2018-07-25
-9127579543343709059,Timothy Wong,Administrativo - Facturación,CO,Bogotá,Tarde,Activo,2022-02-28
-9125470966823413325,Nicholas Martin,Enfermero/a,CO,Ibagué,Tarde,Activo,2020-02-04
-9124537240225242578,Margaret Hawkins DDS,Médico General,CO,Barranquilla,Tarde,Activo,2024-04-06
-9104096494612020243,Crystal Johnson,Auxiliar de Enfermería,CO,Bogotá,Diurno,Activo,2019-07-08
-9092460039510487194,Daniel Hahn,Médico Especialista,CO,Bogotá,Diurno,Activo,2024-07-25
-9087105060219911723,Matthew Foster,Administrativo - Facturación,CO,Bogotá,Nocturno,Activo,2024-11-28
-9077209301945685219,Derek Wright,Auxiliar de Enfermería,MX,Guadalajara,Tarde,Inactivo,2021-09-24
-9071285688133391565,Kevin Hurst,Personal de Laboratorio,CO,Medellín,Nocturno,Inactivo,2020-04-09
-9064314672663426859,Zachary Hicks,Enfermero/a,CO,Ibagué,Diurno,Activo,2017-06-30
-9062673142517864724,Brian Burton,Directivo / Gerencia,CO,Ibagué,Diurno,Activo,2023-10-22
-9051838795293508753,Arthur James,Administrativo - RRHH,PE,Lima,Diurno,Activo,2025-08-23
-9041235336571661509,Tricia Valencia,Personal de Laboratorio,ES,Barcelona,Tarde,Activo,2016-10-12
-9033617457444265540,Melanie Herrera,Médico General,US,Los Ángeles,Tarde,Activo,2019-01-30
-9025098719785951050,Ashley Graham,Enfermero/a,CO,Bucaramanga,Nocturno,Activo,2020-10-05
-8998113967172507959,Sherri Baker,Médico Especialista,CO,Bucaramanga,Tarde,Activo,2021-03-08
-8994416724763439334,Thomas Harrell,Médico General,CO,Ibagué,Tarde,Activo,2019-05-13
-8990756624284429538,Lisa Hernandez,Farmacéutico/a,PE,Arequipa,Tarde,Activo,2023-07-17
-8964258062682057846,Paula Moreno,Personal de Laboratorio,CO,Medellín,Diurno,Activo,2016-09-06
-8962769039854814435,Alec Hickman,Directivo / Gerencia,CO,Barranquilla,Tarde,Activo,2024-08-02
-8950658497901016332,Elizabeth Brown,Enfermero/a,CO,Ibagué,Diurno,Activo,2024-07-31
-8948977688533487802,Angelica Tucker,Enfermero/a,CO,Cali,Tarde,Activo,2017-04-20
-8929888504607999912,Pamela Anderson,Enfermero/a,CO,Bogotá,Diurno,Inactivo,2020-12-15
-8913985718407814533,Deborah Brennan,Médico General,CO,Medellín,Nocturno,Activo,2020-06-26
-8894685173115878686,Joshua Blair,Médico Especialista,CO,Bucaramanga,Administrativo,Activo,2018-06-28
-8893894454472992440,Zachary Santos,Enfermero/a,AR,Córdoba,Diurno,Activo,2020-08-15
-8891977153969706865,Barbara Walker,Médico General,CO,Cali,Nocturno,Activo,2019-09-21
-8887085336307377901,Crystal Robinson,Farmacéutico/a,ES,Valencia,Nocturno,Activo,2017-04-26
-8872307234582607931,Crystal Whitehead,Enfermero/a,CO,Medellín,Diurno,Activo,2024-05-31
-8867087145934795946,David Caldwell,Administrativo - Facturación,MX,Guadalajara,Nocturno,Activo,2018-08-10
-8845073432928190989,Timothy Duncan,Farmacéutico/a,CO,Cali,Nocturno,Activo,2020-12-06
-8836409220269061738,Rhonda Lee,Enfermero/a,CL,Santiago,Administrativo,Inactivo,2017-07-20
-8827878948149432822,Jeff Owens,Administrativo - Facturación,CO,Bogotá,Administrativo,Activo,2023-03-29
-8820563919993292953,Victoria Garcia,Administrativo - Facturación,CO,Barranquilla,Diurno,Activo,2020-04-20
-8818392389644858219,Scott Wright,Enfermero/a,CO,Bogotá,Tarde,Activo,2018-05-23
-8806631359410557718,Javier Ramirez,Enfermero/a,CO,Cali,Tarde,Activo,2018-12-05
-8803830700387662493,Jessica Callahan,Farmacéutico/a,CO,Cali,Diurno,Activo,2021-08-18
-8795566050230341170,Zachary Huff,Médico Especialista,CO,Ibagué,Diurno,Activo,2025-05-26
-8785843677555830094,Sarah Martin,Médico General,US,Houston,Administrativo,Activo,2021-01-18
-8782684074671982007,James Brown,Médico Especialista,CO,Bogotá,Diurno,Activo,2020-02-02
-8766661076260332391,Mrs. Rachel Gibson,Personal de Laboratorio,CO,Bucaramanga,Tarde,Activo,2020-06-26
-8765549572284599626,Whitney Peters,Farmacéutico/a,CO,Barranquilla,Nocturno,Activo,2023-02-22
-8762400572334811191,Edward Novak,Farmacéutico/a,ES,Madrid,Diurno,Activo,2021-11-21
-8762119816579444716,Nicole Brown,Personal de Laboratorio,AR,Córdoba,Tarde,Activo,2021-12-08
-8685510047306861540,Sarah Moore,Enfermero/a,CO,Bogotá,Administrativo,Activo,2025-04-29
-8679214393987883694,Cody Larson,Auxiliar de Enfermería,US,Los Ángeles,Tarde,Activo,2022-10-03
-8673119642288423574,Bryan Zamora,Médico Especialista,CO,Cali,Diurno,Activo,2018-11-23
-8667277367084090599,Lisa Barnes,Médico Especialista,ES,Valencia,Diurno,Activo,2021-12-06
-8662535103738302612,Taylor Harris,Farmacéutico/a,US,Los Ángeles,Administrativo,Activo,2023-02-15
-8660816223329537942,James Powers,Enfermero/a,CO,Medellín,Diurno,Activo,2019-05-19
-8653843734298512369,Paul Jones,Auxiliar de Enfermería,CO,Bucaramanga,Tarde,Activo,2020-10-20
-8638665675668512786,Dr. Angel Lewis MD,Personal de Laboratorio,CO,Bogotá,Diurno,Activo,2025-01-28
-8629733551171029323,Sherry Wood,Auxiliar de Enfermería,CO,Bogotá,Tarde,Activo,2018-02-05
-8619541530930730160,Michele Carr,Auxiliar de Enfermería,ES,Barcelona,Administrativo,Activo,2025-07-25
-8578194324854769831,Aimee Montoya,Auxiliar de Enfermería,CO,Cali,Tarde,Activo,2019-05-17
-8566170526024225831,Teresa Taylor,Enfermero/a,CO,Bogotá,Administrativo,Activo,2017-09-19
-8560928977512124323,Juan Nelson,Médico Especialista,CL,Santiago,Diurno,Activo,2022-02-14
-8550483216011833603,Christina Walters,Enfermero/a,CO,Bogotá,Tarde,Activo,2019-01-20
-8547910113044099740,Taylor Mathis Jr.,Médico General,CO,Barranquilla,Administrativo,Activo,2020-06-28
-8546706392250883470,Aaron Wise,Enfermero/a,CO,Cali,Tarde,Activo,2022-05-31
-8535195218509522177,Patrick Arnold,Administrativo - Facturación,CO,Barranquilla,Diurno,Activo,2020-07-11
-8530513894412125881,Benjamin Ware,Médico General,CO,Bucaramanga,Administrativo,Activo,2024-10-24
-8529954098995132189,Sandra Aguilar,Médico Especialista,CO,Cali,Tarde,Activo,2018-01-04
-8526398609086839418,Eric Nolan,Enfermero/a,CO,Medellín,Tarde,Activo,2023-11-04
-8471467215848000261,Stephanie Clark,Enfermero/a,CO,Cali,Administrativo,Activo,2018-12-04
-8456721491960926121,Richard Henson,Farmacéutico/a,CO,Cali,Diurno,Activo,2020-05-02
-8453482681903189192,Brittany Spears,Auxiliar de Enfermería,CO,Medellín,Diurno,Activo,2024-06-16
-8452165552991357353,Rita Keith,Personal de Laboratorio,CO,Bucaramanga,Diurno,Activo,2016-11-25
-8448740978189142300,Evelyn Galvan,Farmacéutico/a,CO,Cali,Tarde,Activo,2023-11-24
-8444121902391557207,Rita Adams,Enfermero/a,CO,Bucaramanga,Diurno,Activo,2023-10-07
-8432292859914925061,Shane Garrison,Administrativo - Facturación,MX,Ciudad de México,Nocturno,Activo,2018-09-06
-8417606838144577960,Julia Torres,Médico General,CO,Ibagué,Diurno,Activo,2023-11-02
-8415236504725476251,Alexander Lee,Médico Especialista,CO,Bucaramanga,Nocturno,Activo,2019-08-19
-8415192589397614014,Tracy Ramirez,Médico Especialista,CL,Santiago,Diurno,Activo,2022-06-14
-8411341521870407128,William Herrera,Personal de Laboratorio,CO,Ibagué,Tarde,Activo,2025-02-17
-8404069987638300150,Wesley White,Enfermero/a,CO,Bucaramanga,Diurno,Activo,2025-05-04
-8394174128138439775,Brian Hamilton,Médico General,CO,Medellín,Nocturno,Activo,2023-03-27
-8393486139849138498,Larry Dixon,Auxiliar de Enfermería,CO,Medellín,Tarde,Activo,2020-02-23
-8392943550571546301,Dawn Fletcher,Médico General,CO,Barranquilla,Tarde,Activo,2016-09-10
-8379831827370421368,Kimberly Ball,Farmacéutico/a,MX,Puebla,Administrativo,Activo,2023-05-10
-8352775003883215858,Helen Jones,Enfermero/a,AR,Córdoba,Tarde,Activo,2022-08-28
-8340408050619266098,Erik Charles,Enfermero/a,CO,Bucaramanga,Diurno,Activo,2023-02-26
-8338344591151240930,Eric Ortiz,Enfermero/a,CO,Bucaramanga,Administrativo,Inactivo,2020-04-19
-8317251332112073790,Cameron Fisher,Auxiliar de Enfermería,CO,Ibagué,Diurno,Activo,2025-02-20
-8316474490871497153,Stephanie Gilbert,Enfermero/a,CO,Medellín,Diurno,Activo,2019-05-22
-8311851058027845790,April Mitchell,Médico Especialista,CO,Bucaramanga,Tarde,Activo,2020-07-19
-8310141270658944542,Mary Marshall,Médico Especialista,CO,Cali,Diurno,Activo,2020-08-28
-8294650555986231836,John Santana,Directivo / Gerencia,PE,Lima,Diurno,Activo,2023-11-04
-8287089038389536817,Bradley Robertson,Personal de TI / Soporte,CO,Medellín,Nocturno,Activo,2022-05-17
-8280875043389227187,Robert Potter,Farmacéutico/a,CO,Bogotá,Diurno,Activo,2022-09-25
-8274148389604763389,Curtis Johnson,Enfermero/a,CO,Cali,Nocturno,Activo,2018-11-18
-8268808780342592750,Samuel Jones,Directivo / Gerencia,CO,Barranquilla,Administrativo,Activo,2020-05-29
-8263868518430109484,Cheyenne Horton,Personal de Laboratorio,PE,Arequipa,Nocturno,Activo,2021-02-16
-8260437404242818883,Matthew Smith,Farmacéutico/a,CO,Bogotá,Nocturno,Inactivo,2023-06-09
-8255730330498140740,Ashley Coleman,Enfermero/a,CO,Medellín,Nocturno,Inactivo,2018-04-06
-8239879569456908647,Kelly Williams,Enfermero/a,MX,Monterrey,Administrativo,Activo,2018-12-03
-8235255941203916328,Joyce Solis,Médico Especialista,CL,Santiago,Diurno,Activo,2022-09-08
-8215253806101134859,Linda Dodson DVM,Personal de TI / Soporte,CO,Bucaramanga,Diurno,Activo,2022-03-11
-8213789846853569835,Kathy Rivas,Enfermero/a,CO,Barranquilla,Tarde,Activo,2021-08-10
-8199042049691555462,Natasha Wells,Médico General,ES,Sevilla,Tarde,Activo,2019-01-04
-8197236030712726721,Mark Cannon,Enfermero/a,MX,Puebla,Diurno,Activo,2021-05-15
-8190835568080820775,Denise Jones,Auxiliar de Enfermería,CO,Medellín,Nocturno,Inactivo,2019-04-02
-8182870093979093149,Francisco Fernandez,Médico General,MX,Monterrey,Diurno,Activo,2017-12-03
-8158231480038738436,Michael Mccarthy,Administrativo - Facturación,CO,Medellín,Administrativo,Activo,2017-04-04
-8156150690824823668,Joshua Perry,Personal de Laboratorio,CO,Medellín,Diurno,Activo,2018-07-16
-8155000707688084597,Taylor Silva,Farmacéutico/a,AR,Rosario,Diurno,Activo,2022-12-09
-8143785148969685732,Pamela James,Enfermero/a,CO,Ibagué,Diurno,Activo,2016-09-24
-8141663964572693800,Paul Castaneda,Auxiliar de Enfermería,CO,Ibagué,Diurno,Activo,2025-04-04
-8100927497210177491,Paul Payne,Auxiliar de Enfermería,US,Houston,Diurno,Activo,2022-02-08
-8100366845664470263,Daniel Graham,Farmacéutico/a,ES,Sevilla,Diurno,Activo,2016-12-09
-8093749329772201452,Michael Powell,Médico Especialista,PE,Cusco,Diurno,Activo,2018-03-01
-8092253358858539287,Cameron Dean,Enfermero/a,CO,Barranquilla,Diurno,Activo,2016-12-02
-8087649405336418747,Justin Johnson,Médico Especialista,EC,Guayaquil,Tarde,Activo,2022-06-18
-8072755223163938089,Joel Williams,Auxiliar de Enfermería,CO,Medellín,Tarde,Activo,2020-02-03
-8043802875890443527,Gabriel Juarez,Enfermero/a,CO,Medellín,Diurno,Activo,2020-02-03
-8021469849295997358,Sandra King,Médico General,CO,Ibagué,Diurno,Activo,2017-06-01
-8003725151622578462,Joshua Cooke,Médico Especialista,ES,Sevilla,Diurno,Activo,2019-10-30
-7991108441778351984,Rachael Pearson,Auxiliar de Enfermería,PE,Lima,Diurno,Activo,2023-06-20
-7987485124096929481,Christina Smith,Médico General,MX,Ciudad de México,Diurno,Activo,2018-01-18
-7975237757074786115,Michael Elliott,Personal de TI / Soporte,CO,Bogotá,Nocturno,Activo,2018-08-22
-7973461950252841597,Pamela Jackson,Auxiliar de Enfermería,CO,Medellín,Administrativo,Activo,2022-02-22
-7969768508915212893,Ashley Weiss,Enfermero/a,CO,Bucaramanga,Administrativo,Activo,2025-05-12
-7961507633144379433,Alexander Collins,Auxiliar de Enfermería,CO,Medellín,Tarde,Activo,2022-10-10
-7919326178468563726,Jennifer Espinoza,Médico Especialista,CO,Bucaramanga,Tarde,Activo,2017-05-12
-7883071372748647352,Lori Garcia,Personal de TI / Soporte,CO,Barranquilla,Diurno,Inactivo,2023-08-19
-7880788936499491152,Lindsay Martinez,Auxiliar de Enfermería,AR,Rosario,Nocturno,Activo,2025-07-13
-7880526754500520791,Hannah Patterson,Personal de Laboratorio,CO,Bogotá,Nocturno,Activo,2020-01-06
-7878134674574783281,Gloria Atkinson,Médico Especialista,ES,Sevilla,Nocturno,Activo,2024-01-30
-7845947908278228977,Tyler Reid,Auxiliar de Enfermería,CO,Barranquilla,Administrativo,Activo,2024-02-19
-7843761130618950041,Jessica Gross,Auxiliar de Enfermería,CO,Ibagué,Tarde,Activo,2025-05-14
-7835718789813329767,Robert Medina,Personal de TI / Soporte,CO,Barranquilla,Nocturno,Activo,2021-01-11
-7811232788514802633,Nicholas Adams,Auxiliar de Enfermería,CO,Ibagué,Nocturno,Activo,2024-05-05
-7798318965084061400,Angelica Keith,Enfermero/a,CO,Cali,Diurno,Activo,2018-11-15
-7778336782862768387,Leonard Gray,Enfermero/a,CO,Ibagué,Administrativo,Activo,2016-12-08
-7764445394619684882,Catherine Lewis,Enfermero/a,CO,Bogotá,Diurno,Activo,2023-11-10
-7755540017030618976,Spencer Haynes,Auxiliar de Enfermería,CO,Bucaramanga,Administrativo,Activo,2019-03-02
-7754050239552163635,Travis Miller,Enfermero/a,CO,Bucaramanga,Nocturno,Activo,2023-02-27
-7736963984300466852,Peter Vaughn DDS,Médico Especialista,CO,Bogotá,Diurno,Activo,2021-02-04
-7731207865012194398,Anna Walker,Administrativo - Facturación,CO,Bucaramanga,Nocturno,Activo,2022-11-26
-7721777670243913174,Kevin Kennedy,Administrativo - RRHH,CO,Ibagué,Diurno,Activo,2021-06-16
-7691372073632561513,Patrick Rivera,Médico Especialista,CO,Cali,Nocturno,Activo,2023-01-02
-7687284183827033250,David Martinez,Auxiliar de Enfermería,CO,Bucaramanga,Nocturno,Activo,2018-05-31
-7683550552046213682,Joshua Gill,Médico Especialista,CO,Cali,Nocturno,Activo,2018-05-06
-7657669648598389619,John Hardy,Farmacéutico/a,CO,Bogotá,Administrativo,Activo,2025-06-20
-7657320590631111080,Diane Garcia,Enfermero/a,PE,Arequipa,Diurno,Activo,2018-06-05
-7656248094101974340,Christopher Smith,Farmacéutico/a,CO,Barranquilla,Diurno,Activo,2021-06-26
-7653046373498086896,William Tran,Personal de Laboratorio,CO,Medellín,Tarde,Activo,2022-12-15
-7641408711165121762,Sean Henry,Personal de Laboratorio,CO,Barranquilla,Diurno,Inactivo,2024-07-13
-7641099924252682481,Julie Alexander,Médico Especialista,CO,Bogotá,Tarde,Activo,2018-05-04
-7631464517063986908,Todd Woods,Personal de TI / Soporte,CO,Bucaramanga,Diurno,Activo,2024-01-29
-7621194270049326375,Benjamin Soto,Médico General,AR,Rosario,Tarde,Activo,2017-02-28
-7618517421062650132,Justin Torres,Médico Especialista,CO,Cali,Tarde,Activo,2025-08-16
-7601099644841130508,Phillip Obrien,Auxiliar de Enfermería,CO,Ibagué,Administrativo,Activo,2023-10-18
-7594312190584620332,Joseph Hayes,Enfermero/a,CO,Medellín,Diurno,Activo,2020-08-30
-7574480164336777428,Wanda Torres,Administrativo - Facturación,CO,Ibagué,Administrativo,Activo,2022-04-08
-7568768204285258508,Natalie Meza,Administrativo - Facturación,CO,Bogotá,Tarde,Activo,2018-07-19
-7559906597721364354,Matthew Moore,Enfermero/a,CO,Bucaramanga,Diurno,Activo,2018-03-30
-7555134131725895933,Aaron Hayes,Personal de TI / Soporte,CO,Cali,Tarde,Activo,2022-01-08
-7554213273307948507,David Mann,Enfermero/a,US,Los Ángeles,Tarde,Inactivo,2023-01-02
-7551738395792119507,Michael Bradshaw,Auxiliar de Enfermería,CO,Ibagué,Diurno,Activo,2023-10-08
-7551120378182104807,Mary Peck,Médico General,EC,Cuenca,Tarde,Activo,2020-07-03
-7548509072505564796,Maria Kerr,Personal de TI / Soporte,CO,Medellín,Diurno,Activo,2024-02-13
-7546740578675175948,Christopher Parker,Médico General,ES,Barcelona,Tarde,Activo,2023-06-02
-7541317752666364353,Donna Martinez,Médico Especialista,CO,Cali,Tarde,Inactivo,2022-11-16
-7526053195254258233,Terri Mason,Enfermero/a,CO,Medellín,Tarde,Activo,2021-02-14
-7521479709170439604,Andrew Reynolds,Directivo / Gerencia,EC,Cuenca,Nocturno,Activo,2019-07-31
-7521237482271503992,Brandon Hayden,Administrativo - RRHH,CO,Ibagué,Diurno,Activo,2024-03-14
-7496967008143997344,Tiffany Key,Personal de Laboratorio,PE,Lima,Administrativo,Activo,2022-09-23
-7491406508237674036,Andrew Avila,Administrativo - RRHH,MX,Monterrey,Nocturno,Activo,2020-11-29
-7486747744909547765,Sydney White,Administrativo - RRHH,CO,Barranquilla,Administrativo,Activo,2021-12-11
-7477642073153823201,Katherine Davis,Auxiliar de Enfermería,CO,Bogotá,Nocturno,Activo,2019-10-23
-7474400611885392423,Michael Hodge,Enfermero/a,CO,Bogotá,Diurno,Activo,2019-08-25
-7471608613655046285,Donna Landry,Personal de Laboratorio,CL,Valparaíso,Tarde,Activo,2024-01-01
-7464544894347393403,Jordan Edwards,Farmacéutico/a,ES,Valencia,Diurno,Activo,2019-08-03
-7463781822289739808,Jennifer Robertson,Enfermero/a,CO,Medellín,Nocturno,Activo,2025-07-27
-7458896929402664134,Kimberly Gutierrez,Médico Especialista,CO,Bogotá,Tarde,Activo,2018-05-14
-7454381422951547995,Peter Garrett,Personal de Laboratorio,CO,Medellín,Diurno,Activo,2023-07-09
-7447683415945781053,Joshua Pennington,Enfermero/a,CO,Ibagué,Administrativo,Activo,2020-08-15
-7432724735906066945,Barbara Dudley,Personal de TI / Soporte,CO,Bogotá,Diurno,Activo,2022-02-27
-7420550578520608713,Christopher Pierce,Médico General,MX,Ciudad de México,Tarde,Activo,2021-08-25
-7394223789877583453,Willie Durham,Médico Especialista,CO,Bucaramanga,Nocturno,Activo,2020-10-30
-7384612111769493524,Ronnie Jimenez,Administrativo - Facturación,AR,Córdoba,Diurno,Activo,2023-02-16
-7374898902829648366,Denise Davenport,Médico General,CO,Bogotá,Tarde,Activo,2025-07-02
-7367125050558369843,Juan Reyes,Médico General,CO,Ibagué,Nocturno,Activo,2024-12-22
-7355809216051411580,Sherry Shields,Auxiliar de Enfermería,CO,Medellín,Diurno,Activo,2019-03-02
-7345591596404010739,Jennifer Villa,Administrativo - RRHH,PE,Lima,Tarde,Activo,2021-03-31
-7335000758503249167,Diane Evans,Médico General,CO,Bucaramanga,Diurno,Activo,2021-12-17
-7333362574314004754,Mrs. Brittany Ryan MD,Enfermero/a,CO,Barranquilla,Nocturno,Inactivo,2021-08-24
-7320088037909049256,Jordan Morris,Personal de Laboratorio,CO,Ibagué,Diurno,Activo,2018-05-18
-7315505656695661706,Laura Hall,Directivo / Gerencia,ES,Barcelona,Administrativo,Activo,2023-08-29
-7314026825581305475,Patrick Thornton,Auxiliar de Enfermería,CO,Cali,Administrativo,Activo,2023-12-25
-7284260835500693899,Matthew Hoover,Médico Especialista,CO,Ibagué,Diurno,Activo,2025-07-03
-7282872965242701496,Andrew Shaw MD,Médico Especialista,MX,Puebla,Diurno,Activo,2024-07-03
-7282366167495022523,Jessica Fox,Médico General,MX,Guadalajara,Tarde,Activo,2020-10-15
-7271334397427815501,Jennifer Pena,Médico Especialista,CO,Ibagué,Nocturno,Activo,2018-01-25
-7269205494491057023,Wayne Morgan,Farmacéutico/a,CO,Bucaramanga,Tarde,Activo,2022-11-29
-7268073243558911771,Sarah Phelps,Médico Especialista,CO,Bucaramanga,Diurno,Activo,2024-05-30
-7258213498365033470,Eugene Higgins,Auxiliar de Enfermería,CO,Medellín,Diurno,Activo,2023-07-07
-7254670462875615542,Amanda Jones,Farmacéutico/a,CO,Bucaramanga,Administrativo,Activo,2022-05-11
-7242661200229916304,Yolanda Francis,Auxiliar de Enfermería,CO,Cali,Tarde,Activo,2020-08-01
-7239680438435086579,Mark Brennan,Médico General,CO,Barranquilla,Administrativo,Activo,2020-09-02
-7238554704338794906,Stephanie Williams,Administrativo - Facturación,CO,Bucaramanga,Tarde,Activo,2023-11-04
-7226691826641920627,James Thomas,Farmacéutico/a,CO,Bucaramanga,Administrativo,Activo,2021-06-16
-7213868657314534097,Rebecca Jackson,Personal de Laboratorio,CO,Cali,Diurno,Activo,2017-05-22
-7201544310716568264,Lisa Allen,Médico Especialista,CO,Barranquilla,Diurno,Activo,2024-11-22
-7183545252953511337,Joel King,Médico Especialista,CO,Ibagué,Administrativo,Activo,2018-12-23
-7174050658163552033,Robert Santana,Personal de TI / Soporte,EC,Guayaquil,Administrativo,Activo,2022-10-11
-7170425880581711494,Jeremy Reed,Enfermero/a,CO,Bogotá,Diurno,Activo,2021-12-19
-7168038656154979280,Jessica Wright,Enfermero/a,CO,Medellín,Tarde,Activo,2024-04-14
-7166133014484708375,James Webb,Auxiliar de Enfermería,CO,Medellín,Tarde,Activo,2018-10-24
-7159524360366771948,Laura Haney,Farmacéutico/a,CO,Bogotá,Tarde,Activo,2019-05-03
-7149320265640284479,Mary Hill,Personal de TI / Soporte,CO,Cali,Diurno,Activo,2021-10-09
-7134890500077051386,Natasha Williams,Enfermero/a,CO,Bogotá,Administrativo,Activo,2022-02-19
-7133281319629446272,Tanner Mitchell DDS,Personal de TI / Soporte,PE,Cusco,Diurno,Activo,2022-02-21
-7129821349754279966,Mark Oliver,Médico Especialista,CO,Ibagué,Nocturno,Activo,2022-10-11
-7124326428378751868,Mary Massey,Auxiliar de Enfermería,CO,Medellín,Diurno,Activo,2022-05-02
-7119921936545045249,Maria Parker,Auxiliar de Enfermería,CO,Ibagué,Diurno,Activo,2020-08-23
-7112272671446261222,Morgan Davis,Médico Especialista,CO,Medellín,Nocturno,Activo,2019-05-03
-7104303117456636163,Casey Anderson,Médico Especialista,EC,Quito,Diurno,Activo,2021-07-14
-7098208411152970455,Kiara Mcintyre,Enfermero/a,CO,Bogotá,Nocturno,Activo,2024-02-25
-7091867865025646062,Roger Olson,Directivo / Gerencia,MX,Ciudad de México,Diurno,Activo,2023-12-08
-7070951675693548082,Gina Wilson,Auxiliar de Enfermería,MX,Guadalajara,Administrativo,Activo,2025-05-06
-7062017454461912221,Vincent Dalton,Personal de TI / Soporte,CO,Bogotá,Nocturno,Activo,2023-03-13
-7047204374111216588,Tracy Ballard,Administrativo - Facturación,CO,Bogotá,Administrativo,Activo,2019-12-21
-7046048693997460286,Alexis Herrera,Enfermero/a,CO,Cali,Diurno,Activo,2020-10-08
-7043982544032646465,Megan Richards,Personal de Laboratorio,AR,Buenos Aires,Diurno,Activo,2024-01-30
-7031860728945716052,Ashley Hall,Médico Especialista,CO,Ibagué,Tarde,Activo,2016-11-26
-7024763861139741525,Kristina Herman,Médico Especialista,CO,Medellín,Tarde,Activo,2018-09-02
-7024046068671392199,Rodney Blankenship,Administrativo - Facturación,ES,Valencia,Diurno,Activo,2019-05-26
-7023686383058429112,Charles Shah,Personal de Laboratorio,ES,Sevilla,Diurno,Activo,2019-06-02
-7020925840900728870,Brent Clay Jr.,Médico General,CO,Medellín,Tarde,Activo,2020-10-05
-7011978028440917749,Natalie Bautista,Auxiliar de Enfermería,CO,Ibagué,Diurno,Activo,2020-06-13
-7009268069581277306,Brittany Perry,Auxiliar de Enfermería,CO,Medellín,Tarde,Activo,2017-07-27
-6989906456728471241,Jason Lynn Jr.,Administrativo - RRHH,CO,Bucaramanga,Diurno,Activo,2020-01-05
-6987162620602207266,Trevor Foley,Auxiliar de Enfermería,AR,Rosario,Diurno,Inactivo,2017-07-28
-6979735541105773098,Kimberly Levine,Enfermero/a,CO,Ibagué,Nocturno,Inactivo,2019-11-27
-6979634761194201971,Colton Martinez,Enfermero/a,CO,Barranquilla,Tarde,Activo,2024-04-23
-6970696779715960382,Matthew May,Enfermero/a,ES,Barcelona,Diurno,Activo,2022-01-19
-6966478227404328908,Richard Sanchez,Farmacéutico/a,CO,Barranquilla,Tarde,Activo,2017-10-23
-6952854136912555233,Andrea Hubbard,Administrativo - RRHH,CO,Barranquilla,Nocturno,Activo,2018-07-17
-6937900768570142931,Sergio Murphy,Enfermero/a,CO,Medellín,Tarde,Activo,2018-01-03
-6928219068528422023,April Garrison,Médico General,CO,Bogotá,Tarde,Activo,2017-12-24
-6923821208217330361,David Thompson,Médico General,AR,Buenos Aires,Administrativo,Activo,2022-08-17
-6906051128120916583,Adrian Tyler,Personal de Laboratorio,CO,Bucaramanga,Tarde,Activo,2018-10-27
-6890682987916655802,Christopher Williams,Administrativo - Facturación,CO,Barranquilla,Administrativo,Activo,2023-05-10
-6888152120773530840,Nichole Alvarez,Médico Especialista,CO,Cali,Nocturno,Activo,2023-09-06
-6877727884491600124,Ashley Gordon,Médico Especialista,US,Houston,Diurno,Activo,2025-03-09
-6871584457783232398,Richard Camacho,Auxiliar de Enfermería,CO,Barranquilla,Tarde,Activo,2021-05-16
-6871176141358239598,Victor Brown,Médico General,US,Houston,Nocturno,Activo,2020-12-27
-6865101763213227399,Michael Henry,Administrativo - Facturación,PE,Cusco,Administrativo,Activo,2024-11-12
-6855146837931290282,Bobby Franklin,Enfermero/a,CO,Bogotá,Tarde,Activo,2017-04-08
-6849945193664135318,Mark Kelley,Médico Especialista,ES,Madrid,Diurno,Activo,2019-08-09
-6839578956892577050,Kerry Chavez DDS,Personal de TI / Soporte,CO,Bogotá,Tarde,Activo,2017-07-27
-6837504301356074217,Sarah Curtis,Médico General,CO,Barranquilla,Diurno,Activo,2023-08-07
-6836470147993940088,Cindy Hayes,Enfermero/a,CO,Bucaramanga,Nocturno,Activo,2018-09-26
-6812792794081876609,Jesse Perry,Médico General,ES,Valencia,Tarde,Activo,2017-07-14
-6798684087821569814,Maurice Brooks,Médico Especialista,ES,Madrid,Nocturno,Activo,2018-01-19
-6794125497066375425,Andrea Decker,Médico Especialista,MX,Guadalajara,Administrativo,Activo,2017-07-08
-6791511026361918805,Parker Cain,Médico Especialista,EC,Quito,Nocturno,Activo,2021-09-07
-6790765420036924302,Kristina Rivera,Médico General,CO,Medellín,Nocturno,Activo,2017-10-11
-6780703585751486592,Maurice Christensen,Médico Especialista,ES,Sevilla,Nocturno,Activo,2024-06-28
-6779039368228674909,Tracy Burke,Auxiliar de Enfermería,AR,Buenos Aires,Nocturno,Activo,2019-11-04
-6753037676666109230,Christy Douglas,Farmacéutico/a,CO,Barranquilla,Administrativo,Activo,2018-09-12
-6749395231786296396,Ryan Richardson,Enfermero/a,CO,Medellín,Diurno,Activo,2023-07-17
-6743057139299061734,Renee Bruce,Enfermero/a,CO,Cali,Tarde,Activo,2025-06-13
-6740028573261759534,Lisa Day,Auxiliar de Enfermería,AR,Córdoba,Diurno,Activo,2016-11-30
-6715911353116873556,Sandra Adams,Administrativo - RRHH,CO,Medellín,Administrativo,Activo,2018-04-21
-6710617165782621307,Ellen Morgan,Administrativo - Facturación,CO,Bogotá,Nocturno,Activo,2016-09-25
-6698472229454313355,Kylie Morales,Médico Especialista,CO,Barranquilla,Tarde,Activo,2017-12-15
-6697247632990228739,Amanda Reese,Médico General,CO,Ibagué,Diurno,Activo,2018-08-13
-6671025341415647973,Glen Wood,Médico General,CO,Bogotá,Diurno,Activo,2023-03-04
-6667276881599207622,Latoya Miller,Médico General,CO,Bogotá,Nocturno,Activo,2017-02-24
-6663007033004282285,Luke Craig,Auxiliar de Enfermería,PE,Cusco,Diurno,Activo,2019-02-16
-6660855192691188899,Karla Ramos,Enfermero/a,CO,Ibagué,Diurno,Activo,2019-02-19
-6660143255613660667,Ashley Jordan,Médico Especialista,PE,Lima,Administrativo,Activo,2019-03-25
-6654902785586487798,Katelyn Estrada,Enfermero/a,CO,Bogotá,Nocturno,Inactivo,2017-02-01
-6651361474014225646,Kyle Smith,Auxiliar de Enfermería,EC,Quito,Diurno,Activo,2019-05-23
-6650107424397057183,Chad Scott,Médico Especialista,CO,Medellín,Diurno,Activo,2019-08-19
-6649316353572958308,Paul Thompson,Administrativo - Facturación,CO,Barranquilla,Administrativo,Activo,2020-02-06
-6646056251265814175,Kathryn Whitaker,Médico Especialista,CO,Barranquilla,Nocturno,Activo,2023-12-07
-6643804390877899413,Scott Williams,Personal de TI / Soporte,CO,Barranquilla,Nocturno,Activo,2016-11-05
-6632923722957389042,Shannon Johnston,Médico Especialista,CO,Medellín,Diurno,Inactivo,2021-11-02
-6614522149401152175,Jennifer Wilson,Administrativo - Facturación,ES,Sevilla,Diurno,Activo,2016-11-12
-6599993206368911074,Robert Montgomery,Personal de TI / Soporte,CO,Bogotá,Diurno,Activo,2024-03-01
-6593369654825315052,Anita Richard,Directivo / Gerencia,CO,Medellín,Nocturno,Activo,2018-11-13
-6585562729592011512,Kelly Foster,Administrativo - Facturación,CO,Barranquilla,Diurno,Activo,2019-06-21
-6583315583201280112,Gary Jackson,Personal de Laboratorio,CO,Bogotá,Diurno,Activo,2021-04-09
-6582092498752299684,Jordan Bullock,Farmacéutico/a,CO,Barranquilla,Nocturno,Inactivo,2019-10-28
-6573418459926941771,Sabrina Briggs,Personal de Laboratorio,CO,Cali,Administrativo,Activo,2018-10-21
-6569800300457515218,Craig Morrison,Médico Especialista,CO,Barranquilla,Nocturno,Activo,2023-07-09
-6567708484098803540,Cassandra Mejia,Auxiliar de Enfermería,EC,Guayaquil,Tarde,Activo,2021-02-15
-6551216985749240662,Olivia Cole,Auxiliar de Enfermería,CO,Barranquilla,Tarde,Activo,2024-12-29
-6539388680476511959,Madison Weber,Administrativo - Facturación,CO,Bucaramanga,Tarde,Activo,2024-06-15
-6506751642299251828,Brittany Jones,Enfermero/a,CO,Bucaramanga,Diurno,Activo,2020-08-28
-6505717066373977777,Donald Brown,Enfermero/a,CO,Ibagué,Tarde,Activo,2021-03-30
-6501131317491767895,Jesse Brown,Auxiliar de Enfermería,CO,Bucaramanga,Tarde,Activo,2024-02-29
-6499175996916655304,Sean Wyatt,Enfermero/a,CL,Concepción,Tarde,Activo,2022-03-19
-6488880871308468393,Julie Spencer,Médico Especialista,CO,Barranquilla,Administrativo,Activo,2023-10-21
-6487826499492911521,Joanna Pacheco,Enfermero/a,CO,Medellín,Administrativo,Activo,2022-07-18
-6478499252977332793,John Hernandez,Enfermero/a,ES,Barcelona,Diurno,Activo,2017-03-27
-6460452800091941926,Steven Cooper,Médico General,CO,Cali,Tarde,Inactivo,2023-02-08
-6454458294433282787,Carrie Wright,Enfermero/a,ES,Barcelona,Diurno,Activo,2020-08-13
-6445697918202201489,Joseph Moore,Enfermero/a,CO,Bogotá,Tarde,Activo,2020-01-13
-6444312445677291875,Jason Morgan,Enfermero/a,CO,Ibagué,Diurno,Activo,2022-01-22
-6443810800947948441,Maria Jones,Enfermero/a,CL,Concepción,Diurno,Activo,2017-07-12
-6442231645072013687,Diane Cummings,Farmacéutico/a,ES,Madrid,Nocturno,Activo,2022-08-03
-6431104963778553487,Shelley Cook,Enfermero/a,AR,Rosario,Tarde,Activo,2021-12-03
-6425009202428696262,Gregory Ponce,Personal de TI / Soporte,CO,Cali,Administrativo,Activo,2022-12-18
-6407932192120664786,Kurt Hurley,Personal de TI / Soporte,ES,Madrid,Diurno,Activo,2019-06-19
-6398081506430018978,Rickey Li,Auxiliar de Enfermería,CO,Bogotá,Diurno,Activo,2022-09-16
-6394588734056014505,Nancy Jennings,Enfermero/a,CO,Ibagué,Tarde,Activo,2021-06-01
-6393709782922403180,Jessica Cox,Auxiliar de Enfermería,CO,Barranquilla,Diurno,Activo,2019-12-10
-6391208785760095365,Daniel Meza,Administrativo - Facturación,CO,Ibagué,Diurno,Activo,2021-01-20
-6390116354135251674,Chad Jones,Farmacéutico/a,CO,Ibagué,Administrativo,Activo,2024-04-11
-6383196843590271352,Randy Conley,Administrativo - Facturación,CO,Medellín,Diurno,Activo,2024-08-18
-6380325141959176863,George Miranda,Auxiliar de Enfermería,MX,Ciudad de México,Diurno,Activo,2017-11-09
-6364313479673742267,Christopher Guerra,Auxiliar de Enfermería,AR,Rosario,Tarde,Activo,2023-08-14
-6359086383157873663,Carol Kim,Enfermero/a,CL,Santiago,Tarde,Activo,2020-05-17
-6351898536015682613,Cynthia Wallace,Personal de Laboratorio,CO,Medellín,Tarde,Activo,2019-03-30
-6344003674791932700,Joann Ferguson,Médico General,CL,Santiago,Tarde,Inactivo,2019-06-19
-6332030606254611401,Julie Conley,Farmacéutico/a,CO,Ibagué,Nocturno,Activo,2019-12-28
-6322740899906055014,Victoria Murray,Administrativo - RRHH,CO,Bogotá,Diurno,Activo,2019-03-20
-6315160340822102103,Joseph Burch,Médico Especialista,AR,Rosario,Tarde,Activo,2024-01-12
-6314378691608030755,Brenda Wright,Auxiliar de Enfermería,CO,Medellín,Nocturno,Activo,2022-06-13
-6278656210060677152,Kristen Garcia,Médico Especialista,CO,Barranquilla,Administrativo,Activo,2024-04-16
-6269278510480968645,Dominique Hines,Personal de Laboratorio,CO,Bogotá,Tarde,Activo,2019-02-18
-6265889342064471341,Brittany Kim,Médico Especialista,CO,Ibagué,Tarde,Activo,2025-03-12
-6263764946776481994,Jerry Bailey,Personal de TI / Soporte,ES,Barcelona,Diurno,Activo,2016-12-01
-6256668547083962352,Jonathan Young,Médico Especialista,CO,Ibagué,Diurno,Activo,2025-08-18
-6237359932117884360,Alfred Galvan,Personal de TI / Soporte,CO,Ibagué,Diurno,Activo,2024-03-25
-6221433281548910812,Raven Taylor,Administrativo - Facturación,CO,Bogotá,Nocturno,Activo,2019-04-05
-6215536857881172658,Melissa Taylor,Auxiliar de Enfermería,CO,Ibagué,Diurno,Activo,2023-01-11
-6209168348311453124,Aaron Miller,Personal de Laboratorio,MX,Ciudad de México,Nocturno,Activo,2018-12-25
-6205736528726708731,Kimberly Acosta,Personal de Laboratorio,US,Houston,Diurno,Activo,2021-06-05
-6202898319798254573,Dwayne Turner,Personal de TI / Soporte,MX,Monterrey,Administrativo,Inactivo,2017-02-08
-6197054973224081707,Riley Bryant,Médico General,PE,Arequipa,Nocturno,Activo,2017-09-04
-6194575433964970282,Linda Smith,Auxiliar de Enfermería,CO,Medellín,Diurno,Activo,2021-04-26
-6187621382824692100,Charles Patterson,Médico Especialista,AR,Rosario,Diurno,Activo,2022-03-18
-6180606081014727599,Jason Beck,Auxiliar de Enfermería,CO,Bucaramanga,Diurno,Activo,2017-06-13
-6177462863233710583,Andrea Fox,Médico General,CO,Cali,Administrativo,Activo,2021-03-30
-6173039788899207696,Kristen Myers DDS,Auxiliar de Enfermería,CO,Medellín,Diurno,Activo,2022-05-26
-6172722011231640265,Mrs. Alexis Kramer,Auxiliar de Enfermería,CO,Cali,Tarde,Activo,2019-10-13
-6164374207665668675,Lori Ingram,Enfermero/a,PE,Arequipa,Tarde,Activo,2023-04-18
-6164071500266878225,Andrew Payne,Auxiliar de Enfermería,CO,Medellín,Nocturno,Activo,2024-01-01
-6162496283571676693,Richard Marshall,Personal de Laboratorio,US,Los Ángeles,Tarde,Activo,2022-12-08
-6161585972864474417,Robin Brown,Personal de Laboratorio,CO,Bucaramanga,Tarde,Inactivo,2023-08-31
-6159511832143753211,Edward Williams,Auxiliar de Enfermería,CO,Cali,Administrativo,Activo,2018-06-22
-6138375513731660825,Timothy Robertson,Auxiliar de Enfermería,MX,Puebla,Diurno,Activo,2025-07-31
-6110164202884577676,Dawn Mullins,Personal de TI / Soporte,CO,Cali,Nocturno,Activo,2018-05-26
-6093307588491371773,Richard Glenn,Médico Especialista,CO,Bogotá,Diurno,Activo,2019-09-01
-6080921117715129906,Jacob Preston,Médico Especialista,CO,Bogotá,Tarde,Activo,2023-05-15
-6071506154107409597,Jasmine Beltran,Médico Especialista,EC,Guayaquil,Administrativo,Activo,2021-02-22
-6060852884379759811,Tim Stone PhD,Farmacéutico/a,MX,Ciudad de México,Nocturno,Activo,2023-03-22
-6035330499829935901,Lance Short,Enfermero/a,CO,Bogotá,Nocturno,Activo,2021-08-02
-6035118649865739011,Bobby Guerrero,Personal de Laboratorio,CO,Ibagué,Diurno,Activo,2019-06-09
-6026778619676718440,Jessica Norris,Farmacéutico/a,CO,Medellín,Tarde,Activo,2019-11-04
-6023835121956015345,Sergio Gomez,Enfermero/a,CO,Ibagué,Tarde,Activo,2025-08-29
-6016016114086236818,William Gould,Administrativo - RRHH,CO,Cali,Tarde,Activo,2017-05-09
-6011517185448312998,Heidi Owen,Personal de Laboratorio,CO,Medellín,Tarde,Activo,2022-10-17
-5984939416079888700,Brenda Lawson,Enfermero/a,CO,Cali,Diurno,Activo,2023-09-17
-5981145402528077795,Austin Osborne,Enfermero/a,CO,Bogotá,Diurno,Inactivo,2019-12-23
-5974299482470233950,Keith Jacobs,Enfermero/a,CO,Medellín,Diurno,Activo,2022-10-16
-5952215681588000389,Jacqueline Hines,Médico General,CO,Cali,Tarde,Activo,2021-11-04
-5950228435745691963,Jennifer Banks,Médico General,CO,Cali,Diurno,Activo,2018-12-04
-5935681997209021281,Noah Porter,Personal de TI / Soporte,MX,Guadalajara,Administrativo,Activo,2020-02-29
-5935042746236201099,Deborah Green,Enfermero/a,CO,Barranquilla,Nocturno,Activo,2020-09-10
-5934622761895563443,Donna Hendricks DDS,Enfermero/a,PE,Cusco,Diurno,Activo,2017-10-13
-5926553109604051920,Jodi Roach,Personal de Laboratorio,CO,Bucaramanga,Nocturno,Activo,2020-09-07
-5910314937624217964,Michael Bruce,Auxiliar de Enfermería,CO,Cali,Nocturno,Activo,2019-07-22
-5903976024477749181,Austin Daniels,Personal de TI / Soporte,CO,Ibagué,Diurno,Activo,2024-09-12
-5894283967590943837,Michelle Ho,Personal de Laboratorio,CO,Bucaramanga,Diurno,Activo,2022-06-02
-5891587333193139123,Katie Martinez,Enfermero/a,CO,Ibagué,Diurno,Activo,2018-06-27
-5891128423575057894,Richard Johnson,Enfermero/a,AR,Buenos Aires,Diurno,Activo,2021-08-31
-5883647599486504973,Robert Arnold,Directivo / Gerencia,CL,Concepción,Nocturno,Activo,2022-03-09
-5865191095814647110,Eric Key,Farmacéutico/a,CO,Ibagué,Administrativo,Activo,2023-02-23
-5854646842585907796,Patricia Morrow,Personal de TI / Soporte,CO,Cali,Diurno,Activo,2017-05-05
-5846288589162127794,Maria Cole,Médico Especialista,MX,Ciudad de México,Nocturno,Inactivo,2022-10-19
-5845886471406889470,Shawn Deleon,Administrativo - Facturación,CO,Medellín,Diurno,Activo,2022-06-09
-5806307445661909265,Vincent Reynolds,Auxiliar de Enfermería,CO,Cali,Tarde,Activo,2024-11-15
-5801870145001558852,Caleb Hernandez,Médico Especialista,MX,Ciudad de México,Nocturno,Activo,2018-02-28
-5797730702073492765,Michael Reed,Auxiliar de Enfermería,CO,Bogotá,Tarde,Activo,2025-02-22
-5789583804759562868,Sarah King,Farmacéutico/a,CO,Bucaramanga,Diurno,Activo,2022-05-24
-5782279227434503072,Beth Turner,Médico Especialista,CO,Ibagué,Tarde,Activo,2021-06-24
-5774645318628249123,Caroline David,Enfermero/a,CO,Medellín,Administrativo,Activo,2018-01-24
-5762809297842631331,Michelle Jacobs,Administrativo - Facturación,CO,Cali,Diurno,Activo,2024-04-05
-5757371794298610310,Samantha Johnson,Enfermero/a,MX,Monterrey,Diurno,Activo,2017-02-01
-5753648114156997410,Laura Curtis,Enfermero/a,CO,Ibagué,Diurno,Activo,2023-07-31
-5746189168078166872,Mark Jimenez,Enfermero/a,MX,Guadalajara,Tarde,Activo,2022-04-28
-5714458720320795044,Tyler Webb,Enfermero/a,ES,Valencia,Tarde,Activo,2023-12-03
-5692074954148705209,Elizabeth Jones,Personal de TI / Soporte,MX,Guadalajara,Nocturno,Activo,2017-03-20
-5691500162847762793,John Harris,Personal de Laboratorio,CO,Bucaramanga,Nocturno,Activo,2022-02-20
-5688061713723455619,Nathan Gross,Médico Especialista,CO,Bucaramanga,Administrativo,Activo,2024-06-04
-5671176101046448073,Bianca Wood,Directivo / Gerencia,CO,Cali,Nocturno,Activo,2021-09-25
-5665993774971527730,John Adams,Administrativo - RRHH,CO,Ibagué,Diurno,Activo,2018-11-28
-5654392261545115375,Dylan Cruz,Enfermero/a,CL,Valparaíso,Tarde,Inactivo,2022-03-20
-5641358752184799014,Sean Moore,Administrativo - Facturación,CO,Cali,Diurno,Activo,2019-08-17
-5636316704891204277,Emily Hines,Médico Especialista,PE,Lima,Diurno,Activo,2021-02-28
-5612791692988500742,Kathleen Parker,Directivo / Gerencia,CO,Bogotá,Administrativo,Activo,2016-11-20
-5589988294534196668,Kathy Levy,Farmacéutico/a,CO,Bucaramanga,Nocturno,Activo,2018-08-13
-5579242106369389576,Anthony Simpson,Farmacéutico/a,CO,Barranquilla,Administrativo,Activo,2024-08-14
-5571905295070608688,Julie Herrera,Médico Especialista,MX,Monterrey,Tarde,Activo,2024-04-20
-5555330201234669193,Stephen Luna,Administrativo - RRHH,CO,Bogotá,Tarde,Inactivo,2023-07-21
-5552574349225655904,James Hudson,Médico Especialista,CO,Bogotá,Tarde,Activo,2018-06-06
-5551905048268225205,Angel Gordon,Médico General,MX,Monterrey,Diurno,Activo,2023-07-23
-5529280408386074660,William Becker,Médico Especialista,CO,Medellín,Diurno,Activo,2017-09-30
-5528769691950490045,Jennifer Norton,Personal de Laboratorio,CO,Bucaramanga,Tarde,Activo,2019-09-24
-5523597589405795032,Nicole Gonzalez,Médico General,CO,Cali,Diurno,Activo,2021-04-05
-5505442455613431872,Amber Taylor,Personal de TI / Soporte,CO,Medellín,Administrativo,Activo,2019-09-04
-5502398942095371584,Jesus Obrien,Farmacéutico/a,CO,Bucaramanga,Diurno,Activo,2021-04-26
-5495806559166324896,Louis Martin,Médico Especialista,CO,Barranquilla,Diurno,Activo,2025-08-05
-5495642773542544719,Elizabeth Rogers,Médico Especialista,CO,Ibagué,Nocturno,Activo,2024-02-18
-5494768931447772913,Michelle Evans,Médico Especialista,CO,Bucaramanga,Diurno,Activo,2024-01-08
-5489530870659686387,Michael Whitney,Auxiliar de Enfermería,CO,Barranquilla,Administrativo,Activo,2021-12-06
-5479527504135358893,Molly Watts,Administrativo - Facturación,CO,Ibagué,Nocturno,Activo,2016-12-01
-5433433830934536912,Walter Patton,Médico General,CO,Bogotá,Diurno,Activo,2023-08-31
-5391332270982478221,Mikayla Silva,Administrativo - Facturación,CO,Bogotá,Nocturno,Activo,2018-03-19
-5386210730043572117,Lisa Randall,Médico Especialista,CO,Bogotá,Nocturno,Activo,2018-01-03
-5383454360083745860,Amanda Vaughan,Administrativo - Facturación,CO,Bucaramanga,Nocturno,Activo,2017-09-01
-5366709844323168407,Erik Hernandez,Personal de TI / Soporte,CO,Medellín,Nocturno,Activo,2022-11-22
-5360075338305294889,Reginald Knapp,Personal de Laboratorio,PE,Cusco,Nocturno,Activo,2024-07-13
-5320011666601656407,Amy Taylor,Farmacéutico/a,AR,Buenos Aires,Tarde,Activo,2018-07-18
-5308190841597422091,Matthew Fox,Administrativo - Facturación,CO,Cali,Diurno,Activo,2019-07-03
-5285840820118770138,Thomas Peterson,Médico Especialista,CO,Ibagué,Nocturno,Activo,2019-11-13
-5283350804300263733,Michelle Schneider,Médico General,CO,Ibagué,Administrativo,Activo,2022-12-01
-5276355402458494099,Cheryl Wright,Médico Especialista,ES,Barcelona,Tarde,Activo,2021-09-13
-5224192729474505451,William Evans,Auxiliar de Enfermería,CO,Barranquilla,Nocturno,Activo,2019-04-12
-5206540163923259173,Michael Stewart,Personal de Laboratorio,CO,Medellín,Tarde,Activo,2019-10-26
-5197269182519923910,Rebecca Hill,Auxiliar de Enfermería,CO,Bogotá,Nocturno,Activo,2017-10-10
-5172558752413183839,Jamie Baird,Administrativo - Facturación,CO,Cali,Administrativo,Activo,2024-01-17
-5156245325277562439,Regina Roberts,Médico General,CO,Cali,Diurno,Activo,2019-04-08
-5114744563714910392,Hannah Ramos,Personal de Laboratorio,PE,Lima,Diurno,Activo,2018-12-26
-5107136841311574237,Dale Ryan,Médico General,CL,Valparaíso,Tarde,Activo,2025-01-27
-5092253304226352368,Breanna Gilbert,Enfermero/a,CO,Medellín,Tarde,Activo,2021-12-16
-5048089495797710762,Michael Schmidt,Farmacéutico/a,CO,Bucaramanga,Tarde,Activo,2022-06-02
-5046185090527968899,Jason Love,Directivo / Gerencia,CO,Medellín,Diurno,Activo,2017-08-01
-5038890288355946621,Abigail Pierce,Auxiliar de Enfermería,CO,Bucaramanga,Tarde,Activo,2025-01-14
-5011263616749730004,Timothy Johns,Médico Especialista,CO,Bogotá,Tarde,Activo,2020-12-22
-4986165347843939173,Victor Morris,Auxiliar de Enfermería,CO,Cali,Tarde,Activo,2022-06-29
-4985021831787301502,Ann Andrews,Médico Especialista,AR,Rosario,Nocturno,Activo,2021-06-30
-4975599621548391793,Taylor Gentry,Administrativo - RRHH,EC,Guayaquil,Nocturno,Activo,2018-04-03
-4970447574953311620,Casey Gillespie,Farmacéutico/a,CO,Ibagué,Nocturno,Activo,2025-08-26
-4945116474591373053,Jon Zuniga,Médico General,CO,Bucaramanga,Nocturno,Activo,2025-05-03
-4940799435129614021,Sherri Smith,Médico Especialista,CO,Medellín,Nocturno,Activo,2021-10-15
-4931412341023663479,William Mitchell,Médico General,CO,Medellín,Tarde,Activo,2025-07-31
-4929105414739038840,Kathleen Mays,Directivo / Gerencia,CO,Medellín,Nocturno,Activo,2024-05-03
-4928141911578176154,Corey Rodriguez,Enfermero/a,CO,Medellín,Diurno,Activo,2018-02-21
-4916137563076376498,David Lopez,Personal de Laboratorio,CO,Barranquilla,Diurno,Activo,2023-04-23
-4913732438060206543,Laura Todd,Auxiliar de Enfermería,ES,Madrid,Tarde,Activo,2018-04-04
-4896092667664266663,Stephanie Wilcox,Auxiliar de Enfermería,CO,Medellín,Administrativo,Activo,2021-04-25
-4895500741656270322,Michael Lopez,Médico General,CO,Bucaramanga,Nocturno,Activo,2017-12-11
-4880383020584800996,David Green,Personal de TI / Soporte,CO,Cali,Diurno,Activo,2018-10-19
-4879962348310371981,Tiffany Turner,Enfermero/a,US,Houston,Tarde,Activo,2023-03-09
-4877900816465584837,Matthew Schwartz,Auxiliar de Enfermería,CO,Bucaramanga,Diurno,Activo,2017-03-28
-4874547277832439036,Eric Sullivan,Farmacéutico/a,CO,Bucaramanga,Nocturno,Activo,2021-03-14
-4870745500311726248,Michele Collins,Farmacéutico/a,CO,Medellín,Nocturno,Activo,2017-09-25
-4869215793517718312,Elizabeth Mendez,Personal de TI / Soporte,CO,Cali,Tarde,Activo,2018-08-26
-4862234335228784660,Christian Adkins,Médico General,EC,Quito,Tarde,Inactivo,2022-02-17
-4859224290734297109,Joshua Ruiz,Auxiliar de Enfermería,CO,Bucaramanga,Diurno,Activo,2021-07-07
-4844303789356229216,Colleen Wright,Enfermero/a,PE,Lima,Tarde,Activo,2023-06-21
-4833146734554102283,Angela Griffin,Enfermero/a,CO,Barranquilla,Administrativo,Activo,2023-01-05
-4826442576988286418,Justin Brown,Médico Especialista,CO,Bogotá,Nocturno,Inactivo,2021-08-10
-4821939238021180554,Laura Hernandez,Médico Especialista,CO,Barranquilla,Tarde,Activo,2019-08-19
-4821577970161910786,Audrey Harris,Enfermero/a,CO,Medellín,Tarde,Activo,2021-12-04
-4814240522129504592,Jordan Stokes,Enfermero/a,CO,Medellín,Diurno,Activo,2020-10-04
-4804910042434189187,Joyce Brown,Enfermero/a,CO,Barranquilla,Diurno,Activo,2020-11-02
-4802679573384285993,Miranda Foster,Auxiliar de Enfermería,CO,Cali,Diurno,Activo,2024-01-10
-4791573427474052357,Laura Williams,Auxiliar de Enfermería,ES,Valencia,Tarde,Activo,2019-10-12
-4783448353993557069,Zachary Michael,Enfermero/a,EC,Quito,Administrativo,Activo,2017-04-19
-4759388357251555832,Amanda Ortiz,Enfermero/a,CO,Medellín,Tarde,Activo,2023-08-07
-4752697756796310555,Veronica Brewer,Médico General,CO,Bogotá,Diurno,Activo,2020-06-17
-4750471272392229820,Janet Kane DVM,Auxiliar de Enfermería,ES,Barcelona,Diurno,Activo,2020-01-22
-4740361544620851839,Mary Ryan,Enfermero/a,CO,Barranquilla,Diurno,Activo,2022-07-24
-4735109601808607996,Christopher Medina,Médico Especialista,AR,Córdoba,Nocturno,Inactivo,2021-06-09
-4723857387824563137,Courtney Smith,Enfermero/a,CO,Cali,Tarde,Activo,2016-11-18
-4717046724476172371,Michael Stephens,Enfermero/a,MX,Ciudad de México,Nocturno,Activo,2021-06-19
-4716891416529778266,Danielle Reed,Médico General,CO,Cali,Nocturno,Activo,2019-02-28
-4709499284168398983,Molly Rodriguez,Auxiliar de Enfermería,CO,Cali,Diurno,Activo,2023-12-18
-4708706536425295895,Ralph Stephenson,Auxiliar de Enfermería,CO,Bucaramanga,Nocturno,Inactivo,2016-10-26
-4690137848335761030,Brian Johnson,Farmacéutico/a,CO,Ibagué,Administrativo,Activo,2022-01-21
-4686373957538082030,Amber Yang,Farmacéutico/a,AR,Córdoba,Tarde,Activo,2020-04-19
-4685129390248817958,Daniel Shields,Farmacéutico/a,EC,Cuenca,Diurno,Activo,2017-03-09
-4683593786737801047,Donna Cabrera,Enfermero/a,CO,Ibagué,Administrativo,Activo,2023-04-06
-4679597424555150716,Kyle Chambers,Personal de Laboratorio,CO,Cali,Administrativo,Activo,2019-07-26
-4674663187235380584,Charles Keller,Auxiliar de Enfermería,CO,Bogotá,Tarde,Activo,2018-09-01
-4670957449910423013,Antonio Fry,Enfermero/a,CO,Bogotá,Tarde,Activo,2024-08-05
-4664071174867545376,Lori Simmons,Auxiliar de Enfermería,CO,Cali,Diurno,Activo,2021-02-20
-4656111852181501342,Teresa Powers,Enfermero/a,AR,Buenos Aires,Nocturno,Activo,2023-10-01
-4645468631149517644,Jason Hernandez,Auxiliar de Enfermería,MX,Monterrey,Tarde,Activo,2020-01-25
-4633878758506479371,Kara Atkinson,Personal de Laboratorio,CO,Bogotá,Diurno,Activo,2019-05-21
-4624830089536341687,Renee Melendez,Administrativo - RRHH,CO,Bogotá,Nocturno,Activo,2021-09-27
-4624478776445357423,Kristin Anderson,Personal de TI / Soporte,CO,Ibagué,Administrativo,Activo,2018-11-12
-4617397455682633108,Matthew Nielsen,Auxiliar de Enfermería,CO,Barranquilla,Nocturno,Activo,2024-04-20
-4615631748568950485,Nathaniel Lee,Auxiliar de Enfermería,CO,Cali,Diurno,Activo,2019-02-04
-4589419310895063382,Lindsey Russo,Personal de Laboratorio,CO,Bucaramanga,Diurno,Activo,2018-05-16
-4554984973440820166,Misty Hansen,Enfermero/a,CO,Cali,Administrativo,Inactivo,2020-12-28
-4542697048121350016,Felicia Krueger,Administrativo - Facturación,CO,Barranquilla,Administrativo,Activo,2016-10-25
-4528038722399453868,Tonya Wilson,Auxiliar de Enfermería,MX,Ciudad de México,Tarde,Activo,2025-09-03
-4526306450867073797,David Munoz,Médico Especialista,CO,Barranquilla,Nocturno,Activo,2018-07-09
-4525207296098227773,Kristen Rowe,Médico Especialista,CO,Ibagué,Tarde,Activo,2020-02-08
-4524136939632539433,Heather Green,Administrativo - Facturación,CO,Medellín,Tarde,Activo,2021-04-17
-4517093190811662363,Brett Zavala MD,Médico Especialista,PE,Arequipa,Diurno,Activo,2024-03-27
-4515820852441396687,Jacqueline Gutierrez,Enfermero/a,CO,Bogotá,Diurno,Activo,2021-09-28
-4515294699550182203,Charles Green,Enfermero/a,CO,Bucaramanga,Diurno,Activo,2025-02-02
-4493313034387006348,Jennifer Hernandez,Médico General,CO,Barranquilla,Nocturno,Activo,2019-08-25
-4472113092021935350,Roy Porter,Enfermero/a,CO,Bogotá,Diurno,Activo,2022-07-27
-4433842563217793273,Dawn Underwood,Personal de Laboratorio,CO,Ibagué,Diurno,Activo,2025-05-17
-4425813917039607271,Katherine Jackson,Médico Especialista,MX,Guadalajara,Tarde,Activo,2023-11-01
-4414050021532465355,Nathan Freeman,Administrativo - Facturación,CO,Cali,Diurno,Activo,2024-12-05
-4405679072381552540,Maria Brown,Administrativo - Facturación,CO,Barranquilla,Diurno,Inactivo,2016-12-25
-4400721507609156316,Theresa Barnett,Enfermero/a,CO,Bogotá,Tarde,Activo,2023-07-23
-4385161054149791059,Ryan Hall,Médico General,MX,Monterrey,Tarde,Activo,2023-01-16
-4368152770282185375,Jonathan Brooks,Auxiliar de Enfermería,AR,Rosario,Nocturno,Activo,2022-03-28
-4346442280892539753,Lisa Webb,Médico Especialista,MX,Monterrey,Administrativo,Activo,2021-01-25
-4344327123904054643,Juan Smith,Enfermero/a,CO,Bucaramanga,Diurno,Inactivo,2021-06-11
-4323088658074774193,William Smith,Personal de TI / Soporte,MX,Ciudad de México,Administrativo,Activo,2023-12-30
-4322973699031465841,Renee Browning,Directivo / Gerencia,CO,Bucaramanga,Administrativo,Activo,2017-08-22
-4322871654935496075,Chase Lee,Personal de Laboratorio,CO,Cali,Nocturno,Activo,2021-06-01
-4322672625763511780,Debra Sanders,Enfermero/a,CO,Ibagué,Nocturno,Activo,2020-01-14
-4314488563067189378,Karl Branch,Farmacéutico/a,MX,Monterrey,Nocturno,Activo,2018-09-17
-4313589547966266294,Sarah Valdez,Farmacéutico/a,CO,Bucaramanga,Nocturno,Inactivo,2024-05-26
-4292189176650445788,Anna Gray,Enfermero/a,CO,Barranquilla,Nocturno,Activo,2021-08-26
-4285898140130591627,Adam Jackson,Farmacéutico/a,CO,Cali,Diurno,Activo,2021-03-06
-4272501482874603989,Richard Knight,Médico Especialista,CO,Barranquilla,Administrativo,Activo,2024-05-26
-4271602652972765344,Joseph Williams,Médico General,CO,Bucaramanga,Tarde,Activo,2018-07-31
-4265893446997752372,Stacy Alvarez,Auxiliar de Enfermería,CO,Cali,Nocturno,Activo,2017-02-05
-4243095324744996038,Timothy Lam,Médico General,AR,Rosario,Tarde,Activo,2021-10-01
-4232387469157909657,Timothy Edwards,Médico General,CO,Medellín,Diurno,Activo,2025-05-01
-4231978290098684623,Nicole Marquez,Administrativo - Facturación,CO,Medellín,Tarde,Activo,2020-04-06
-4225979789401520243,Christopher Allen,Directivo / Gerencia,CO,Barranquilla,Tarde,Activo,2024-03-10
-4181318595063175081,Steven Rivera,Auxiliar de Enfermería,CO,Bucaramanga,Tarde,Activo,2023-06-24
-4165118724432580591,William Ramsey,Administrativo - Facturación,EC,Guayaquil,Diurno,Activo,2021-03-09
-4155637505355431185,Amy Kim,Directivo / Gerencia,CO,Bucaramanga,Diurno,Activo,2024-03-23
-4147671036735880531,Randy Friedman,Médico Especialista,CO,Bucaramanga,Tarde,Activo,2020-03-31
-4146841954874317273,Alyssa Nelson,Enfermero/a,CO,Medellín,Tarde,Activo,2025-08-11
-4145517071455117026,Henry Pugh MD,Enfermero/a,EC,Cuenca,Administrativo,Activo,2022-10-18
-4140614385245350086,Angelica Montgomery,Médico Especialista,CO,Ibagué,Diurno,Activo,2023-11-11
-4138062802512991295,Angela Moore,Personal de Laboratorio,MX,Monterrey,Diurno,Activo,2023-01-31
-4095786121321751849,Nancy Stewart,Enfermero/a,CO,Barranquilla,Diurno,Activo,2017-08-21
-4090956269310960807,Eric Ward,Enfermero/a,CO,Ibagué,Tarde,Activo,2019-02-08
-4090529851024039018,Cody Cole,Médico General,CO,Bogotá,Tarde,Activo,2021-09-02
-4070572614007073767,Alexander Gomez,Médico General,CO,Cali,Nocturno,Activo,2017-07-07
-4067066292942743021,Erika Cruz,Personal de TI / Soporte,CO,Cali,Administrativo,Activo,2019-04-22
-4057607510195673311,Bradley Santana,Médico Especialista,CO,Medellín,Diurno,Activo,2024-10-28
-4055364552765592443,Laura Jackson,Médico General,MX,Puebla,Nocturno,Activo,2020-02-08
-4045390624106899677,Eric Snyder,Enfermero/a,MX,Monterrey,Diurno,Activo,2017-03-31
-4031487522287993967,Jason Washington,Auxiliar de Enfermería,MX,Puebla,Diurno,Activo,2017-05-15
-4030206747338546587,David Weber,Auxiliar de Enfermería,CO,Barranquilla,Tarde,Activo,2022-01-08
-4018437604686025779,Brian Torres,Auxiliar de Enfermería,CO,Barranquilla,Diurno,Activo,2025-03-20
-4013899871652129052,Manuel Brock,Médico Especialista,EC,Cuenca,Nocturno,Activo,2019-08-24
-3996068884913559507,Robert Villarreal,Médico General,CO,Medellín,Nocturno,Activo,2025-06-12
-3993174472589864908,Frank Valentine,Administrativo - Facturación,CO,Ibagué,Nocturno,Activo,2018-06-27
-3992008508794065840,Vincent Novak,Auxiliar de Enfermería,ES,Sevilla,Tarde,Inactivo,2019-04-20
-3987561215202567505,Katherine Johnston,Farmacéutico/a,CO,Bucaramanga,Nocturno,Activo,2018-11-10
-3986562946607925602,Robert Long,Farmacéutico/a,CO,Medellín,Tarde,Activo,2017-09-14
-3965820344807152142,Leslie Gardner,Personal de Laboratorio,MX,Ciudad de México,Diurno,Activo,2022-10-24
-3964668015386179696,Tiffany Murray,Médico Especialista,CO,Cali,Diurno,Activo,2023-01-20
-3957194227881725884,Eddie Schwartz,Enfermero/a,CO,Ibagué,Nocturno,Activo,2024-01-18
-3933381968296790532,Jennifer Porter,Auxiliar de Enfermería,CO,Bucaramanga,Administrativo,Activo,2022-05-18
-3929512813571205386,Matthew Espinoza,Enfermero/a,CO,Bucaramanga,Diurno,Activo,2023-10-12
-3920222395924167957,William Mendoza,Administrativo - Facturación,PE,Cusco,Tarde,Activo,2020-04-14
-3920004832785792206,Tami Holt,Auxiliar de Enfermería,CO,Cali,Nocturno,Activo,2021-07-27
-3900638217613634906,Heather Woodard,Personal de Laboratorio,CO,Bogotá,Nocturno,Activo,2021-07-05
-3899540930178809937,Angela Mack,Administrativo - Facturación,AR,Buenos Aires,Tarde,Activo,2022-08-06
-3896122993454818054,Matthew Williams,Auxiliar de Enfermería,CO,Bucaramanga,Nocturno,Activo,2025-07-13
-3890912447781122563,Jennifer Goodwin,Personal de TI / Soporte,ES,Valencia,Nocturno,Activo,2025-05-15
-3877913434938816466,Adam Green,Auxiliar de Enfermería,CO,Medellín,Administrativo,Activo,2021-04-10
-3860009350004899654,Lauren Johnston,Administrativo - Facturación,CO,Medellín,Diurno,Inactivo,2020-09-09
-3838429531929404092,Raymond Chapman,Enfermero/a,CO,Medellín,Administrativo,Inactivo,2021-03-08
-3836498602282374309,Alexander Garcia,Auxiliar de Enfermería,CO,Bogotá,Diurno,Activo,2020-06-03
-3835151765525612862,Audrey Shepard,Auxiliar de Enfermería,ES,Madrid,Nocturno,Activo,2017-12-14
-3811391249970173738,Jesse Clark,Médico Especialista,AR,Buenos Aires,Diurno,Activo,2021-01-09
-3795252428479371633,Jeffrey Horton,Enfermero/a,EC,Guayaquil,Diurno,Activo,2019-07-20
-3783328451040484297,Robert Wilson,Personal de TI / Soporte,CO,Ibagué,Diurno,Activo,2024-04-27
-3772989665371005740,Megan Martin,Auxiliar de Enfermería,MX,Ciudad de México,Tarde,Activo,2025-07-14
-3767904807412655723,Christopher Moore,Médico General,CO,Barranquilla,Diurno,Activo,2021-09-19
-3761102978694460936,Crystal Sullivan,Enfermero/a,CL,Valparaíso,Diurno,Inactivo,2018-05-04
-3759411952737150355,Jessica Johnson,Médico General,CO,Bucaramanga,Tarde,Activo,2022-03-16
-3746671719957346834,Kevin Price,Médico Especialista,PE,Cusco,Tarde,Activo,2023-01-08
-3737899927001338379,Paul Stokes,Personal de TI / Soporte,CO,Medellín,Nocturno,Activo,2017-03-29
-3736836812221558879,Shane Lopez,Enfermero/a,CO,Bucaramanga,Administrativo,Activo,2019-08-12
-3733595190338707509,Dennis Huffman,Enfermero/a,MX,Puebla,Nocturno,Activo,2021-06-05
-3733036942337294234,Linda Carr,Auxiliar de Enfermería,CO,Barranquilla,Diurno,Activo,2021-12-17
-3724896947581943839,Ryan Williamson,Médico Especialista,CO,Barranquilla,Diurno,Inactivo,2024-01-01
-3716970774998499212,Elizabeth Mendez,Enfermero/a,EC,Quito,Administrativo,Activo,2017-06-10
-3714431683237837662,Bruce Torres,Farmacéutico/a,CO,Medellín,Diurno,Activo,2018-04-29
-3699656341505638600,Kayla Barnes,Auxiliar de Enfermería,CO,Bucaramanga,Tarde,Activo,2017-12-02
-3691489006032155496,Cody Reid,Directivo / Gerencia,CO,Bucaramanga,Administrativo,Activo,2022-12-02
-3690183330377859861,Zoe Peters,Auxiliar de Enfermería,CO,Bogotá,Administrativo,Activo,2021-01-31
-3688693018550911721,Ernest Hayes,Enfermero/a,CO,Bogotá,Tarde,Activo,2017-02-28
-3683817278759757126,Adam Taylor,Personal de Laboratorio,CL,Valparaíso,Nocturno,Activo,2024-01-06
-3672464835562298527,Kathy Simpson,Personal de TI / Soporte,EC,Quito,Tarde,Activo,2022-11-03
-3668302838346510339,Ryan Burns,Personal de Laboratorio,CO,Medellín,Nocturno,Activo,2017-06-03
-3659194682571716403,Philip Carter,Directivo / Gerencia,CO,Bucaramanga,Diurno,Activo,2019-02-25
-3643310199603962401,Carol Ellis,Personal de Laboratorio,CO,Ibagué,Diurno,Activo,2023-05-12
-3643185269341402774,Krista Wilson,Administrativo - RRHH,AR,Córdoba,Nocturno,Activo,2017-09-15
-3641676400151715262,Samantha Richardson,Médico Especialista,CO,Bogotá,Diurno,Activo,2024-01-30
-3633609617034009786,Nathan Payne,Personal de Laboratorio,CO,Ibagué,Nocturno,Activo,2025-08-02
-3631069744854606016,Ronald Potter,Enfermero/a,EC,Quito,Tarde,Activo,2019-05-11
-3605027888952465103,Mrs. Hannah Montoya MD,Auxiliar de Enfermería,AR,Buenos Aires,Administrativo,Activo,2025-08-16
-3604922708147788727,Cynthia Cochran,Farmacéutico/a,CO,Barranquilla,Nocturno,Activo,2021-12-20
-3591671087384269034,Michael Chen,Directivo / Gerencia,CO,Medellín,Tarde,Activo,2018-03-04
-3578572187594232128,Daniel Clark,Directivo / Gerencia,CO,Barranquilla,Nocturno,Activo,2017-03-19
-3567130812351707431,Douglas Ryan,Enfermero/a,CO,Bucaramanga,Diurno,Inactivo,2019-08-04
-3564279125865732692,Donna Adams,Personal de Laboratorio,CO,Ibagué,Tarde,Activo,2024-05-26
-3552402979106787998,Miss Anna Estes,Personal de Laboratorio,CO,Ibagué,Diurno,Activo,2023-10-01
-3541498406019756525,Wendy Camacho,Enfermero/a,CO,Ibagué,Administrativo,Activo,2017-10-27
-3523051325965612572,Danielle Dawson,Médico Especialista,CO,Cali,Nocturno,Activo,2024-02-19
-3516709331431058732,Megan Burns,Médico Especialista,CO,Barranquilla,Administrativo,Activo,2021-11-15
-3515091573780895932,Jason Hayes,Personal de Laboratorio,CO,Ibagué,Administrativo,Activo,2022-05-19
-3510878444994678516,Anna Robertson,Auxiliar de Enfermería,CL,Concepción,Administrativo,Activo,2019-03-08
-3489197012183905362,Jackie Clements,Directivo / Gerencia,CO,Ibagué,Diurno,Activo,2019-08-16
-3482956528936909402,Raymond Oconnor,Enfermero/a,PE,Arequipa,Administrativo,Activo,2023-04-04
-3454654841968001337,Matthew Howard,Directivo / Gerencia,CO,Ibagué,Tarde,Activo,2017-04-01
-3452101690171141303,Claudia Jordan,Enfermero/a,CO,Barranquilla,Tarde,Activo,2018-08-02
-3441794064668541126,Ronald Morgan,Personal de Laboratorio,AR,Buenos Aires,Tarde,Activo,2021-11-17
-3432607688189779789,Karina Cooper,Médico Especialista,CO,Bucaramanga,Diurno,Activo,2022-10-27
-3431916541726425714,Brett Bowers,Auxiliar de Enfermería,CO,Barranquilla,Diurno,Activo,2020-10-24
-3430228181476671086,Scott Alexander,Administrativo - Facturación,CO,Barranquilla,Diurno,Activo,2016-09-07
-3423778427404307607,Christina Barker,Personal de TI / Soporte,CO,Cali,Diurno,Activo,2017-11-12
-3423029857536520320,Caitlin Cantu,Administrativo - Facturación,CO,Medellín,Tarde,Activo,2019-02-22
-3416268822466992798,Danielle Watson,Médico Especialista,CO,Bucaramanga,Administrativo,Activo,2024-10-23
-3410612425156692000,James Torres,Enfermero/a,CO,Cali,Nocturno,Activo,2022-12-22
-3394475564896160160,Matthew Padilla,Médico Especialista,CO,Ibagué,Tarde,Activo,2016-09-08
-3389341269686508434,Casey Perez,Médico Especialista,CO,Barranquilla,Tarde,Activo,2022-10-19
-3376964954093572891,Michael Montoya,Farmacéutico/a,CO,Bucaramanga,Tarde,Activo,2025-07-28
-3373107648424519937,Carlos Jones,Farmacéutico/a,CO,Medellín,Diurno,Activo,2020-02-16
-3368573117448417731,Ashley Edwards,Personal de Laboratorio,CO,Cali,Nocturno,Activo,2024-08-09
-3356667499225569072,Raymond Mullins,Administrativo - RRHH,CO,Barranquilla,Diurno,Activo,2017-11-16
-3349231739051418496,Brenda Moreno MD,Personal de Laboratorio,CO,Bogotá,Nocturno,Activo,2022-07-12
-3341345395835449702,Nathan Fuller,Administrativo - Facturación,CO,Bucaramanga,Nocturno,Activo,2018-01-15
-3331214724103203572,Michael Heath,Médico Especialista,CO,Cali,Tarde,Activo,2017-06-16
-3329556049103765639,Paul Lawrence,Médico General,CO,Medellín,Administrativo,Activo,2020-02-19
-3325945348743430241,Emily Taylor,Auxiliar de Enfermería,CO,Cali,Diurno,Activo,2019-03-04
-3325058274312958359,Juan Greene,Administrativo - Facturación,EC,Guayaquil,Administrativo,Activo,2022-02-23
-3320186031815672213,Melissa Abbott,Médico Especialista,CL,Valparaíso,Nocturno,Activo,2022-08-09
-3319913550233644440,Joseph Hicks,Auxiliar de Enfermería,CO,Ibagué,Nocturno,Activo,2023-05-30
-3313718316974443599,Anthony Hurst,Farmacéutico/a,CO,Bogotá,Nocturno,Activo,2025-04-09
-3307925208300046282,Brian Porter MD,Médico Especialista,CO,Medellín,Nocturno,Activo,2021-06-07
-3274779373201715009,Victoria Peck,Enfermero/a,AR,Buenos Aires,Administrativo,Activo,2017-11-12
-3257515446769811546,Laura Diaz,Administrativo - RRHH,ES,Barcelona,Tarde,Inactivo,2022-10-28
-3256944296434319321,Tiffany Townsend,Farmacéutico/a,CO,Barranquilla,Nocturno,Activo,2016-10-29
-3254935580750191001,Dennis Williams,Médico General,CO,Bucaramanga,Nocturno,Activo,2017-03-22
-3243868766258092548,Katie Fuller,Administrativo - Facturación,CO,Medellín,Tarde,Activo,2021-03-09
-3215277593390961715,Michael Miller,Enfermero/a,PE,Cusco,Administrativo,Activo,2021-07-04
-3207566059332054881,Diamond Collins,Administrativo - Facturación,PE,Lima,Tarde,Activo,2021-04-12
-3192367076214551520,Robert Herrera,Enfermero/a,CO,Bogotá,Tarde,Inactivo,2020-03-12
-3173424151605461322,Sandra Becker,Auxiliar de Enfermería,CO,Barranquilla,Diurno,Activo,2017-04-10
-3157582852653265142,Monica Mathis,Enfermero/a,CO,Barranquilla,Diurno,Activo,2017-03-14
-3150600289795941697,Jeffrey Chavez,Enfermero/a,CO,Cali,Nocturno,Activo,2022-02-27
-3125158963150192092,Patrick Yang,Administrativo - RRHH,CL,Concepción,Tarde,Activo,2017-10-02
-3123223322916145190,Meredith Martin,Médico General,CO,Barranquilla,Tarde,Activo,2025-04-03
-3102638063993541607,Rachel Le,Médico Especialista,CO,Barranquilla,Diurno,Activo,2018-03-07
-3096960018599146710,Richard Adams,Enfermero/a,CO,Bogotá,Tarde,Activo,2024-08-27
-3078258525548888329,Alyssa Roman,Farmacéutico/a,CO,Medellín,Nocturno,Activo,2019-02-16
-3070954132687810180,Michael Ray,Administrativo - Facturación,ES,Sevilla,Administrativo,Activo,2017-05-16
-3068677005804985801,Ian Porter,Directivo / Gerencia,CO,Barranquilla,Diurno,Activo,2021-10-12
-3061010256777111522,David Garcia,Enfermero/a,PE,Cusco,Tarde,Activo,2021-11-04
-3060321226781415798,Crystal Hicks,Enfermero/a,CO,Bucaramanga,Tarde,Activo,2017-01-27
-3055646655678672363,Dana Ruiz,Médico Especialista,CO,Bogotá,Nocturno,Activo,2020-02-15
-3052691146473466992,Timothy Mathews,Auxiliar de Enfermería,CO,Ibagué,Tarde,Activo,2021-08-27
-3050123317895186957,Natalie Barnes,Directivo / Gerencia,CO,Barranquilla,Tarde,Activo,2019-07-29
-3049080371571242699,Nathan Nelson,Farmacéutico/a,CO,Barranquilla,Tarde,Activo,2017-05-19
-3040675008667209606,Jonathan Winters,Auxiliar de Enfermería,CO,Bogotá,Tarde,Activo,2018-04-17
-2992957567345990997,Vicki Finley,Enfermero/a,CO,Cali,Tarde,Activo,2017-04-19
-2990947341234257793,Douglas Kirk,Personal de TI / Soporte,CO,Cali,Tarde,Activo,2019-08-16
-2967518135017395674,Aimee Gonzalez,Auxiliar de Enfermería,CO,Barranquilla,Nocturno,Activo,2021-10-02
-2959045340319798321,Marcus Marshall,Médico Especialista,CO,Barranquilla,Nocturno,Activo,2022-01-01
-2952314765343024142,Raymond Gonzalez DVM,Enfermero/a,PE,Cusco,Diurno,Activo,2023-07-10
-2925965252801142202,Aaron Ortiz,Médico Especialista,US,Los Ángeles,Nocturno,Activo,2018-10-10
-2924493246513420078,Ryan Wiley,Médico General,CO,Bucaramanga,Administrativo,Activo,2025-03-27
-2923795445098048008,Matthew Sweeney,Médico Especialista,MX,Guadalajara,Diurno,Activo,2023-03-23
-2923443481716282410,Joseph Allen,Enfermero/a,MX,Puebla,Tarde,Activo,2021-02-08
-2896171654966941058,Zachary Dawson,Auxiliar de Enfermería,EC,Quito,Diurno,Activo,2017-07-07
-2894172823157803283,Stephanie Meyer,Enfermero/a,CO,Cali,Nocturno,Activo,2022-12-26
-2883240843621272236,William Miller,Enfermero/a,CO,Barranquilla,Diurno,Inactivo,2017-07-16
-2869583218590165768,Robert Jones,Personal de TI / Soporte,CO,Barranquilla,Nocturno,Activo,2021-10-15
-2863469939002116925,Victor Young,Personal de Laboratorio,AR,Buenos Aires,Diurno,Activo,2019-01-10
-2854701823770706750,Robert Haynes,Auxiliar de Enfermería,MX,Puebla,Tarde,Activo,2023-04-19
-2844816536811902131,Dillon Jones,Enfermero/a,CO,Cali,Administrativo,Activo,2018-07-03
-2843367965409669087,Lauren Moore,Administrativo - RRHH,CO,Bucaramanga,Tarde,Activo,2018-02-27
-2837216035539644344,Jason Herrera,Médico General,MX,Puebla,Administrativo,Activo,2025-05-11
-2815784001092341511,Eric Baker,Enfermero/a,AR,Rosario,Administrativo,Activo,2017-10-04
-2805711686227466436,Michael Mckenzie,Personal de TI / Soporte,CO,Medellín,Administrativo,Activo,2022-12-13
-2803305276109255027,Russell Murphy,Auxiliar de Enfermería,CO,Barranquilla,Diurno,Activo,2017-07-01
-2800076188161710066,Henry Palmer,Personal de Laboratorio,CO,Medellín,Nocturno,Activo,2022-10-09
-2786290333500620188,William Johnson,Auxiliar de Enfermería,CO,Ibagué,Diurno,Activo,2020-04-26
-2769351562030103941,Paul Wright,Farmacéutico/a,CO,Ibagué,Tarde,Activo,2020-11-01
-2745089974855741347,Brenda Smith,Enfermero/a,MX,Ciudad de México,Administrativo,Activo,2024-02-25
-2731432115232128548,Mrs. Samantha Watson,Médico General,EC,Guayaquil,Nocturno,Activo,2022-05-08
-2710412055627226420,Lauren Green,Enfermero/a,CO,Ibagué,Tarde,Activo,2023-12-29
-2632635978858739282,Austin Orr,Médico General,CO,Ibagué,Tarde,Inactivo,2020-09-01
-2625791760263277949,Taylor Calderon,Administrativo - RRHH,CO,Bucaramanga,Nocturno,Activo,2019-08-30
-2571406608891345960,Joel Jackson,Enfermero/a,CO,Bogotá,Nocturno,Activo,2021-11-04
-2565140637287338020,Jennifer Johnson,Auxiliar de Enfermería,CO,Bogotá,Tarde,Activo,2022-10-29
-2562795603081105045,Daniel Lopez,Personal de Laboratorio,CO,Bucaramanga,Administrativo,Activo,2019-03-13
-2556632969075209339,Amanda Harvey,Personal de Laboratorio,CO,Barranquilla,Diurno,Activo,2018-11-21
-2549238288696119347,Jason Pierce,Enfermero/a,CO,Medellín,Diurno,Activo,2017-03-24
-2538701610960713419,Chad Gonzalez,Enfermero/a,CO,Barranquilla,Nocturno,Activo,2024-08-21
-2534279435724673745,Lydia Pham,Directivo / Gerencia,ES,Barcelona,Administrativo,Activo,2023-10-31
-2528948060083144547,Rachael Howard DDS,Farmacéutico/a,CO,Bogotá,Diurno,Activo,2021-01-15
-2519234815285446229,Kathryn Price,Administrativo - Facturación,CO,Cali,Diurno,Activo,2018-04-19
-2507923159457119198,Daniel Huang,Personal de TI / Soporte,PE,Arequipa,Diurno,Activo,2023-09-08
-2499523773393637499,William Moreno,Personal de Laboratorio,CO,Cali,Administrativo,Activo,2023-07-31
-2489581495004725992,Dr. Ariel Sandoval MD,Médico General,CO,Medellín,Diurno,Activo,2024-01-10
-2482634349135318774,Amy Davies,Auxiliar de Enfermería,CO,Barranquilla,Tarde,Activo,2018-08-27
-2481196237512626642,Rebecca Kelly,Médico Especialista,CO,Cali,Administrativo,Activo,2024-03-25
-2474668688388808075,Casey Watkins,Farmacéutico/a,CO,Cali,Diurno,Activo,2023-12-08
-2463399172710751480,Suzanne Johnson,Personal de TI / Soporte,CO,Barranquilla,Tarde,Activo,2022-12-25
-2455785322283114320,Kristy Hart,Auxiliar de Enfermería,CO,Cali,Tarde,Activo,2018-05-16
-2452732241378246616,Sierra Vasquez MD,Enfermero/a,CO,Barranquilla,Nocturno,Activo,2021-02-03
-2440999662565041620,David Robinson,Médico Especialista,CO,Cali,Tarde,Activo,2021-06-01
-2437383745936308455,Thomas Harris,Personal de TI / Soporte,CO,Bogotá,Tarde,Activo,2017-11-07
-2408323791646015013,Tamara Richard,Médico Especialista,CO,Barranquilla,Diurno,Activo,2019-08-04
-2403590297741757191,Kevin Stark,Médico Especialista,CO,Bogotá,Nocturno,Activo,2023-08-25
-2388674848718035623,Shannon Yu,Médico General,ES,Madrid,Nocturno,Activo,2020-01-15
-2387814097411376505,Jennifer Garcia,Médico Especialista,CO,Cali,Diurno,Activo,2019-05-24
-2374043095403224427,Christopher Fry,Enfermero/a,CO,Medellín,Tarde,Activo,2023-10-21
-2359961351995638770,Marie Thompson,Auxiliar de Enfermería,CO,Bucaramanga,Administrativo,Activo,2025-05-25
-2331932492707340260,Tanya Buchanan,Enfermero/a,CO,Bogotá,Diurno,Activo,2018-09-08
-2331534120390165248,Casey Parker,Médico Especialista,CL,Concepción,Diurno,Activo,2022-11-16
-2325660744846379128,Nicholas Rush,Médico Especialista,CO,Bogotá,Tarde,Activo,2025-03-20
-2321660336407990860,Zachary Sanford,Enfermero/a,CO,Bogotá,Diurno,Activo,2016-12-20
-2318666304108012720,Tammy Ponce,Médico Especialista,PE,Lima,Diurno,Activo,2018-09-01
-2318369015099634361,Taylor Taylor,Farmacéutico/a,MX,Guadalajara,Tarde,Inactivo,2023-05-21
-2314864719127029021,William Jackson,Médico General,CO,Bogotá,Diurno,Activo,2024-08-24
-2291025849588171677,Michael Fowler,Enfermero/a,CO,Ibagué,Tarde,Activo,2024-08-28
-2263397586958738368,Derek Wright,Enfermero/a,CO,Medellín,Nocturno,Activo,2017-04-15
-2258067685748186790,Brian Smith,Enfermero/a,CO,Medellín,Tarde,Activo,2020-02-25
-2245715695752601725,Tracy Wilkerson,Médico Especialista,CO,Medellín,Diurno,Activo,2021-02-11
-2208759754635467369,Joshua Garcia,Médico Especialista,CO,Barranquilla,Nocturno,Activo,2020-12-29
-2208488904250073404,Marilyn Mcdaniel,Administrativo - RRHH,MX,Ciudad de México,Diurno,Activo,2018-02-21
-2207308071076767305,Ryan Phillips,Médico Especialista,CO,Ibagué,Nocturno,Activo,2019-07-19
-2205296933949070639,Angela Jackson,Auxiliar de Enfermería,CO,Medellín,Tarde,Activo,2020-01-22
-2198822063635563718,Kimberly Villanueva,Auxiliar de Enfermería,CO,Barranquilla,Nocturno,Activo,2017-07-08
-2173313932129066383,Lisa Webb,Enfermero/a,CO,Bucaramanga,Diurno,Activo,2016-12-15
-2143536482795641984,Carmen Preston,Enfermero/a,CO,Cali,Diurno,Activo,2018-02-03
-2140189190428128760,Daniel Lee,Personal de Laboratorio,AR,Córdoba,Tarde,Activo,2022-12-14
-2133565786218910807,Monica Baker,Administrativo - Facturación,CO,Medellín,Diurno,Activo,2019-03-19
-2113387764259172035,Anthony Armstrong,Enfermero/a,CO,Ibagué,Diurno,Activo,2024-03-27
-2109277763078408882,Isaac Patterson,Enfermero/a,CO,Ibagué,Nocturno,Activo,2019-05-01
-2103053516984053205,Lindsay Gonzalez,Médico General,CO,Bucaramanga,Nocturno,Activo,2016-11-28
-2101655316322499802,Edgar Miller,Enfermero/a,CO,Bucaramanga,Diurno,Activo,2024-04-09
-2085487532272195263,James Burns,Farmacéutico/a,CL,Santiago,Administrativo,Activo,2022-08-17
-2084484944292143280,Joshua Lopez,Médico General,CO,Medellín,Nocturno,Activo,2024-08-24
-2069312152139511955,Jeremy Baker,Enfermero/a,CO,Cali,Administrativo,Activo,2020-11-11
-2060709169074353229,Derrick Brown,Personal de TI / Soporte,EC,Quito,Nocturno,Activo,2023-06-13
-2055537608841814250,Angelica Cooper,Médico Especialista,CO,Ibagué,Nocturno,Activo,2021-07-20
-2040190604135076323,Leah Spencer,Enfermero/a,CL,Santiago,Tarde,Activo,2024-03-30
-2010834786121741914,Jennifer Nichols,Farmacéutico/a,CO,Cali,Nocturno,Activo,2024-06-24
-1993980879346249727,Stephen Alvarez,Médico General,CO,Ibagué,Administrativo,Activo,2017-05-22
-1970895203723404876,Michelle Shaw,Médico Especialista,CL,Concepción,Diurno,Activo,2024-10-12
-1956630709402048554,Megan Oliver,Médico Especialista,CO,Barranquilla,Diurno,Activo,2017-10-05
-1954046889984214478,Carrie Joyce,Personal de TI / Soporte,CO,Barranquilla,Diurno,Activo,2025-06-05
-1947140511210789113,Beth Henderson,Médico Especialista,CO,Bucaramanga,Administrativo,Activo,2025-07-28
-1930608844689278533,Zachary Burton,Médico General,CO,Medellín,Tarde,Activo,2024-03-08
-1907559767348652307,Thomas Sloan,Médico Especialista,CO,Bogotá,Nocturno,Activo,2017-04-13
-1904956310385735850,James Nguyen,Médico Especialista,CO,Ibagué,Nocturno,Activo,2019-03-01
-1896033467916571677,Shane Buchanan,Auxiliar de Enfermería,CO,Bucaramanga,Administrativo,Activo,2022-04-14
-1886609429684479703,Jennifer Perry,Médico General,CO,Bucaramanga,Diurno,Activo,2018-01-05
-1886592095546277220,Olivia Ayers,Auxiliar de Enfermería,CO,Medellín,Nocturno,Activo,2025-01-01
-1881415133837262354,Ashlee Mitchell,Auxiliar de Enfermería,CO,Bogotá,Administrativo,Activo,2021-07-01
-1857653916949721257,Jason Reyes,Administrativo - Facturación,CO,Bucaramanga,Diurno,Inactivo,2021-01-18
-1857644931458130806,Amanda Hill,Médico Especialista,CO,Cali,Nocturno,Activo,2017-12-21
-1835655395966295720,Melissa Williams,Administrativo - Facturación,CO,Bucaramanga,Tarde,Activo,2024-09-07
-1815116075258368370,David Reese,Auxiliar de Enfermería,CO,Ibagué,Nocturno,Activo,2024-12-18
-1807161731786171328,Alicia Roth,Médico General,CO,Bogotá,Tarde,Activo,2019-05-29
-1781051936614331650,John Horton,Personal de Laboratorio,CO,Ibagué,Diurno,Activo,2017-07-24
-1770653300124156969,Brandy Mccann,Administrativo - Facturación,CO,Bogotá,Diurno,Activo,2020-08-31
-1762453969850079560,Debra Butler,Médico General,CO,Cali,Diurno,Activo,2022-06-27
-1750273912681899592,Daniel Holloway,Personal de TI / Soporte,EC,Cuenca,Diurno,Activo,2023-05-07
-1741811723548185328,Sharon Nicholson,Enfermero/a,CL,Valparaíso,Nocturno,Activo,2021-04-25
-1741158152258749002,Eric Hunter,Auxiliar de Enfermería,CO,Bucaramanga,Tarde,Activo,2017-11-24
-1711768100769637677,Sherry Johnson,Directivo / Gerencia,US,Houston,Diurno,Activo,2018-05-31
-1701657554439200893,Sara Wright,Enfermero/a,AR,Buenos Aires,Nocturno,Activo,2020-10-14
-1695974947847876914,Michele Hill,Administrativo - Facturación,CO,Ibagué,Nocturno,Activo,2024-02-02
-1690317451084773458,Madison Martinez,Enfermero/a,MX,Monterrey,Tarde,Activo,2016-12-14
-1688157810893085133,Kirk Thompson,Personal de Laboratorio,CO,Bogotá,Administrativo,Activo,2024-07-06
-1659671752572245437,Hannah Martin,Auxiliar de Enfermería,CO,Barranquilla,Tarde,Activo,2024-09-23
-1659443332414617103,Melissa Mitchell,Médico General,CO,Barranquilla,Nocturno,Activo,2020-02-27
-1658307640490105765,Kenneth Hanna,Enfermero/a,CO,Bogotá,Diurno,Activo,2024-05-23
-1657783838701388695,Megan Adams,Enfermero/a,CO,Barranquilla,Nocturno,Activo,2020-05-13
-1641243509362012283,Richard Saunders,Médico Especialista,US,Houston,Administrativo,Activo,2016-10-04
-1623984283151386649,Maria Burke,Médico Especialista,CO,Bucaramanga,Nocturno,Activo,2016-10-02
-1616720230394164350,Robert Torres,Enfermero/a,CO,Barranquilla,Tarde,Activo,2025-05-19
-1610098395153478344,Jessica Bennett,Médico Especialista,CO,Bucaramanga,Nocturno,Activo,2019-10-26
-1608855358361324287,John Byrd,Médico General,CO,Medellín,Tarde,Activo,2024-02-05
-1608095887394245657,Brian Hunt,Personal de Laboratorio,AR,Córdoba,Nocturno,Activo,2022-08-22
-1601603318412905179,Jacqueline Holland,Farmacéutico/a,MX,Guadalajara,Nocturno,Activo,2022-02-27
-1595253656417578909,Brian Brown,Personal de Laboratorio,CO,Bucaramanga,Administrativo,Activo,2025-07-28
-1593650852126109154,Shannon Green,Enfermero/a,CO,Ibagué,Tarde,Activo,2023-01-29
-1562231609818607695,Elizabeth Hernandez,Administrativo - RRHH,CO,Bucaramanga,Diurno,Activo,2023-07-27
-1551874681305923105,Renee Lang,Auxiliar de Enfermería,CO,Cali,Tarde,Activo,2022-01-29
-1543566473284939429,Melanie Griffith,Médico Especialista,ES,Sevilla,Diurno,Activo,2022-07-30
-1542390660644173972,Deanna Barnes MD,Médico Especialista,MX,Puebla,Diurno,Activo,2016-12-30
-1540592464309467527,Laura Lee,Farmacéutico/a,CO,Barranquilla,Diurno,Activo,2023-03-21
-1536202364432103286,Joseph Glover,Médico General,CO,Bucaramanga,Nocturno,Inactivo,2024-11-01
-1535784462542556418,Katie Bruce,Auxiliar de Enfermería,CO,Ibagué,Diurno,Activo,2024-03-30
-1534226371075995453,Catherine Davis,Directivo / Gerencia,CO,Cali,Diurno,Activo,2017-10-30
-1530360479672965771,Robert Hines,Médico Especialista,CO,Cali,Diurno,Activo,2018-04-29
-1529761346956225093,Gabriela Davis,Médico Especialista,CO,Medellín,Administrativo,Activo,2019-11-16
-1529052292067917437,Elizabeth French,Directivo / Gerencia,CO,Bogotá,Nocturno,Activo,2019-08-30
-1521656644627583257,Edward York,Auxiliar de Enfermería,US,Houston,Diurno,Activo,2020-11-29
-1519206867381432679,Lauren Blackburn,Médico Especialista,CO,Barranquilla,Diurno,Activo,2017-04-27
-1502663073691556099,Kathryn Dillon,Administrativo - RRHH,CO,Medellín,Tarde,Activo,2020-02-11
-1493845352032848100,Anthony Dickerson,Administrativo - RRHH,CO,Barranquilla,Diurno,Activo,2017-11-30
-1492334632272585910,Jason Hudson,Auxiliar de Enfermería,CO,Ibagué,Tarde,Activo,2024-11-02
-1490401427004048897,Eugene Baldwin,Auxiliar de Enfermería,CO,Ibagué,Tarde,Activo,2023-09-09
-1489989518269633045,Mr. Christopher Walters,Enfermero/a,CO,Bucaramanga,Administrativo,Inactivo,2016-09-20
-1486011155944739817,Philip Jackson,Médico Especialista,CO,Barranquilla,Diurno,Activo,2023-07-23
-1483450999135169150,Phillip Miller DDS,Auxiliar de Enfermería,CO,Cali,Nocturno,Inactivo,2022-05-19
-1442618971828390247,Vincent Reyes,Enfermero/a,CO,Bogotá,Diurno,Activo,2017-01-07
-1439080647587255764,Jake Smith,Farmacéutico/a,CO,Barranquilla,Administrativo,Activo,2019-07-31
-1432361869122106879,Cheryl Rhodes,Administrativo - Facturación,CO,Cali,Administrativo,Activo,2022-04-26
-1396308297274489964,Michael Cooper,Médico Especialista,CO,Medellín,Nocturno,Activo,2017-11-02
-1372159663163194657,Kevin Jackson,Auxiliar de Enfermería,CO,Barranquilla,Tarde,Activo,2024-02-03
-1370836335619700272,Earl Luna,Médico General,CO,Medellín,Diurno,Activo,2022-01-17
-1351216992754336589,Stephen Cowan,Administrativo - RRHH,ES,Valencia,Nocturno,Activo,2019-10-06
-1324960524017549659,Heather Lopez,Médico General,PE,Arequipa,Nocturno,Activo,2025-03-18
-1315760022377549567,Jennifer Perez,Auxiliar de Enfermería,CO,Cali,Diurno,Activo,2023-03-23
-1309508460223013680,Nicholas Lawrence,Auxiliar de Enfermería,CO,Cali,Tarde,Activo,2018-03-14
-1308224996911680331,Matthew Johnson,Enfermero/a,CO,Ibagué,Tarde,Activo,2024-07-26
-1275632005416164428,Joseph Williams,Farmacéutico/a,MX,Monterrey,Nocturno,Inactivo,2025-08-18
-1265055039043079591,Martha Smith,Personal de Laboratorio,CO,Ibagué,Nocturno,Activo,2022-11-20
-1258793007688472981,James Kelley,Auxiliar de Enfermería,ES,Madrid,Nocturno,Activo,2020-12-12
-1254453030332039843,Michael Mccoy,Personal de Laboratorio,CO,Ibagué,Nocturno,Activo,2019-05-22
-1253824867539899219,Mary Nelson,Directivo / Gerencia,CO,Medellín,Diurno,Activo,2022-02-16
-1246207312700210613,Ronald Garcia,Enfermero/a,CO,Bogotá,Tarde,Inactivo,2023-02-23
-1243668694762027196,Brian Rodriguez,Auxiliar de Enfermería,CO,Medellín,Diurno,Activo,2018-06-19
-1228163512817233180,Dennis Mills,Médico Especialista,PE,Cusco,Nocturno,Activo,2018-06-29
-1228149777014188123,Elizabeth Williams,Personal de Laboratorio,CO,Barranquilla,Tarde,Inactivo,2021-02-22
-1224841590542749205,Timothy Rivera,Auxiliar de Enfermería,CO,Barranquilla,Tarde,Activo,2016-09-13
-1221965210896412688,Susan Conley,Enfermero/a,CO,Ibagué,Diurno,Activo,2022-09-13
-1218684190906640300,Brandon Hunt,Médico Especialista,CO,Medellín,Diurno,Activo,2023-03-11
-1215897624839490151,David Hall,Administrativo - RRHH,CO,Bucaramanga,Tarde,Activo,2025-07-29
-1213912597921433234,John Garcia,Enfermero/a,CO,Barranquilla,Diurno,Activo,2018-04-02
-1213581917383856389,Dylan Solis,Farmacéutico/a,CO,Bucaramanga,Diurno,Activo,2019-06-29
-1204910188133568364,Anna Chang,Médico General,CO,Bucaramanga,Nocturno,Activo,2017-02-02
-1196933853770397552,Mary Jackson,Directivo / Gerencia,MX,Puebla,Tarde,Inactivo,2019-11-24
-1196256772736836368,Marco Johns,Médico General,CO,Barranquilla,Tarde,Inactivo,2017-07-07
-1186090241392562212,Catherine Morales,Médico General,MX,Ciudad de México,Tarde,Activo,2025-05-04
-1180530696678403520,James Jefferson,Administrativo - Facturación,ES,Madrid,Nocturno,Activo,2023-11-17
-1154287010930079487,Rebecca Wilson,Personal de TI / Soporte,CO,Cali,Diurno,Activo,2022-12-11
-1146608893553074280,Tommy Moore,Médico General,CO,Medellín,Nocturno,Activo,2020-06-03
-1145438871728687905,Rebekah Gregory,Enfermero/a,US,Houston,Administrativo,Activo,2018-04-23
-1139596150045176230,Ian Johnson,Personal de Laboratorio,CO,Bucaramanga,Nocturno,Activo,2022-11-02
-1137580203679755254,Valerie Anderson,Administrativo - RRHH,CO,Medellín,Tarde,Activo,2024-12-17
-1135291195582497237,Jason Williams,Enfermero/a,CO,Cali,Nocturno,Activo,2019-01-12
-1101689690764034275,Michael Gregory,Auxiliar de Enfermería,CO,Bucaramanga,Tarde,Activo,2023-08-02
-1100127386260861431,Krystal Levine,Personal de Laboratorio,CO,Ibagué,Tarde,Activo,2022-09-15
-1082652288705636678,Joseph Haynes,Personal de Laboratorio,PE,Arequipa,Tarde,Activo,2017-07-15
-1079479403726658494,Danielle Reed,Personal de Laboratorio,CO,Barranquilla,Diurno,Activo,2022-10-06
-1072836098801694991,Ryan Grant,Auxiliar de Enfermería,MX,Monterrey,Diurno,Activo,2025-07-26
-1056544137201442163,Mason Moore,Médico Especialista,CO,Barranquilla,Tarde,Activo,2024-04-26
-1043494300075100289,Sheila Jones,Personal de TI / Soporte,CO,Bucaramanga,Diurno,Activo,2021-02-07
-1029435054312710815,Wayne Williams,Administrativo - RRHH,CO,Ibagué,Tarde,Activo,2018-09-07
-1013970932770081811,Jennifer Young,Personal de Laboratorio,CO,Cali,Tarde,Activo,2020-10-23
-1009311904254654995,Joan Gates,Médico Especialista,CO,Cali,Administrativo,Activo,2020-09-13
-1007194925376455235,Jonathan Valdez,Médico General,CO,Bucaramanga,Diurno,Activo,2017-08-08
-996387303248525528,Justin Smith,Personal de Laboratorio,CO,Barranquilla,Nocturno,Activo,2017-06-30
-994485803129348426,Lisa Torres,Médico Especialista,CO,Cali,Tarde,Activo,2021-04-02
-993772643690056805,Michael Clements,Directivo / Gerencia,CO,Cali,Diurno,Activo,2019-12-13
-975887491718145450,Daniel Gibson,Enfermero/a,CO,Cali,Diurno,Activo,2021-09-20
-975710011339999257,Kara Sandoval,Farmacéutico/a,CO,Medellín,Diurno,Activo,2023-02-14
-973230890460861576,Peter Walker,Administrativo - RRHH,CO,Bogotá,Diurno,Activo,2019-10-02
-952651051181305110,Tracey Carter,Enfermero/a,CO,Bucaramanga,Diurno,Activo,2021-05-17
-943427879846707606,Amber Martin,Enfermero/a,CO,Medellín,Tarde,Activo,2017-12-10
-941392538492667210,Mikayla Rodriguez,Auxiliar de Enfermería,CO,Cali,Tarde,Activo,2022-03-05
-928663880667019252,Timothy Long,Auxiliar de Enfermería,CO,Bogotá,Diurno,Activo,2020-10-16
-924644022735594014,Michelle Rodriguez,Enfermero/a,CO,Bucaramanga,Diurno,Activo,2020-05-29
-922314479358872396,Sara Chapman,Auxiliar de Enfermería,CO,Ibagué,Diurno,Activo,2023-08-18
-905319383975345212,Matthew Blanchard,Personal de TI / Soporte,CO,Bucaramanga,Tarde,Activo,2017-11-21
-904453271621515574,Mr. Anthony Mcconnell PhD,Enfermero/a,CO,Medellín,Diurno,Activo,2021-01-09
-891433806412526791,Tammy Thompson,Médico General,AR,Buenos Aires,Tarde,Inactivo,2021-11-19
-888581085864639636,Betty Hughes,Enfermero/a,AR,Buenos Aires,Diurno,Inactivo,2022-01-30
-888218035942052175,Kathy Cruz,Enfermero/a,CO,Bucaramanga,Diurno,Activo,2025-06-29
-862898410562856823,Pamela Hill,Médico Especialista,CO,Barranquilla,Administrativo,Activo,2025-05-08
-853476382548011108,Jodi Anderson,Médico General,CO,Cali,Diurno,Activo,2020-05-23
-849225562822202101,Nicole Evans,Farmacéutico/a,EC,Cuenca,Diurno,Activo,2022-12-28
-832737851616970831,Michelle Walls,Enfermero/a,CO,Ibagué,Diurno,Activo,2022-05-16
-832186397547409480,Marcus Roberts,Personal de TI / Soporte,CO,Ibagué,Administrativo,Activo,2019-10-14
-829484120986454427,Vicki Santos,Médico General,CO,Ibagué,Nocturno,Activo,2025-04-21
-823763356824033833,Melissa Morris,Médico Especialista,CO,Cali,Nocturno,Activo,2017-09-19
-819465600537119286,John Duncan,Personal de Laboratorio,CO,Bogotá,Administrativo,Activo,2022-09-06
-801269575283583335,Paul Skinner,Administrativo - RRHH,CO,Medellín,Diurno,Activo,2019-04-02
-792612734418084151,Rhonda Mills,Enfermero/a,CO,Cali,Administrativo,Activo,2016-11-27
-791363359300451392,Michael Gonzalez,Médico General,CO,Medellín,Diurno,Activo,2023-06-06
-784588137211457206,Dustin King,Médico General,PE,Arequipa,Nocturno,Activo,2024-03-26
-780825829255267139,Elizabeth Molina,Auxiliar de Enfermería,ES,Barcelona,Tarde,Inactivo,2016-12-20
-778761384650059990,Ashley Parrish,Enfermero/a,CO,Cali,Tarde,Activo,2023-05-02
-775014318700637952,Natalie Hoffman,Enfermero/a,CO,Bogotá,Administrativo,Activo,2018-10-25
-757304294332785462,Rebecca Roberts,Médico Especialista,CO,Bucaramanga,Diurno,Activo,2022-08-29
-752129550592195511,Jasmine Frye,Auxiliar de Enfermería,PE,Cusco,Administrativo,Activo,2025-06-17
-746877064338087761,Juan Smith,Personal de TI / Soporte,CO,Medellín,Tarde,Activo,2018-12-10
-746027895270674392,Priscilla Berg,Farmacéutico/a,CO,Cali,Nocturno,Activo,2024-02-24
-739483040894731473,Michele Holland,Auxiliar de Enfermería,PE,Lima,Administrativo,Activo,2023-06-23
-726746628292240221,Lindsey Parsons,Médico Especialista,CO,Bogotá,Diurno,Activo,2025-05-10
-720528843671416737,Christopher Fleming,Médico General,CO,Ibagué,Administrativo,Inactivo,2018-05-12
-718071787734534280,Jose Bennett,Enfermero/a,CO,Cali,Tarde,Activo,2020-07-14
-704620411053885127,Beverly Silva,Personal de Laboratorio,CO,Bucaramanga,Nocturno,Activo,2018-12-22
-692867896818875672,Michael Moore,Administrativo - RRHH,CO,Medellín,Diurno,Activo,2018-01-23
-690018167609377531,Anthony Randolph,Personal de TI / Soporte,CO,Bucaramanga,Tarde,Activo,2022-03-21
-687276168321734225,Katherine Armstrong,Directivo / Gerencia,US,Houston,Nocturno,Activo,2019-11-26
-684944247321923449,Emily Robinson,Directivo / Gerencia,CO,Bogotá,Tarde,Activo,2018-05-02
-682759517631946901,Jonathan Perry,Personal de TI / Soporte,ES,Madrid,Diurno,Activo,2021-07-06
-676873480552444486,Daniel Lewis,Médico Especialista,MX,Monterrey,Diurno,Activo,2019-08-31
-640290675515271104,Daniel Goodwin,Médico Especialista,CO,Barranquilla,Administrativo,Activo,2021-06-14
-620986508505584971,Samantha Zavala MD,Enfermero/a,CL,Valparaíso,Diurno,Activo,2022-09-12
-620112691482686410,Tanner Austin,Auxiliar de Enfermería,CO,Barranquilla,Nocturno,Activo,2022-04-08
-612272500554141230,Melanie Flores,Médico Especialista,CO,Cali,Administrativo,Activo,2024-12-02
-605217982950911042,Janice Fernandez,Administrativo - Facturación,CO,Medellín,Diurno,Activo,2019-03-23
-589422480853566918,Samantha Brooks,Auxiliar de Enfermería,CO,Bogotá,Diurno,Activo,2023-11-26
-587190176869439190,Andrew Villanueva,Auxiliar de Enfermería,PE,Arequipa,Nocturno,Activo,2018-05-30
-579397922740940361,Tiffany Jackson,Médico General,CO,Barranquilla,Diurno,Activo,2025-04-14
-573113974976731556,Adrienne Jones,Médico General,CO,Bogotá,Tarde,Activo,2022-09-17
-559512956711002345,Sharon Coleman,Médico General,CO,Bogotá,Nocturno,Activo,2017-08-12
-554569629174285588,Michele Cherry,Administrativo - Facturación,CO,Barranquilla,Tarde,Activo,2023-08-28
-545742620509563228,Teresa Burgess,Auxiliar de Enfermería,CO,Barranquilla,Tarde,Activo,2018-01-23
-535618475655798290,Gary Miller,Personal de Laboratorio,CO,Bogotá,Nocturno,Inactivo,2017-03-02
-534774098668413418,Kristin Andrews,Enfermero/a,MX,Ciudad de México,Tarde,Activo,2018-09-23
-520622700306653196,James Mccoy,Enfermero/a,CO,Medellín,Diurno,Activo,2020-07-29
-518264900535294734,Michael Nichols,Enfermero/a,ES,Barcelona,Tarde,Activo,2022-06-14
-505773090433931487,Nicole Richards,Personal de Laboratorio,CO,Ibagué,Administrativo,Activo,2022-12-26
-503957870170563226,Timothy Rodriguez,Personal de Laboratorio,CO,Cali,Nocturno,Activo,2023-10-05
-501791635973476728,Brandon Hubbard,Médico General,CO,Bogotá,Tarde,Activo,2020-08-13
-499894474027942120,Matthew Wells,Personal de TI / Soporte,CO,Medellín,Diurno,Activo,2021-06-24
-473761400667552320,James Salinas,Médico Especialista,MX,Ciudad de México,Diurno,Activo,2021-08-03
-458476021412283465,Brianna Byrd,Administrativo - RRHH,CO,Ibagué,Diurno,Activo,2024-11-26
-457376676926077090,Monica Brooks,Médico Especialista,CO,Barranquilla,Diurno,Activo,2025-03-22
-454870767681964265,Kristen Martinez,Enfermero/a,AR,Rosario,Administrativo,Activo,2016-09-21
-440603792929858320,Kimberly Arroyo,Administrativo - Facturación,CO,Ibagué,Diurno,Activo,2019-06-03
-438247587672006223,Stephanie Cooper,Médico General,CO,Ibagué,Nocturno,Activo,2020-05-23
-407365939494664205,Kayla Martin,Enfermero/a,EC,Quito,Diurno,Activo,2018-08-31
-404673403569407627,Cheyenne White,Enfermero/a,CO,Ibagué,Diurno,Activo,2023-11-16
-400781169587661038,Sarah Randolph,Médico General,ES,Sevilla,Tarde,Activo,2025-08-17
-395331690105273248,Joshua Roberts,Farmacéutico/a,CO,Barranquilla,Diurno,Activo,2017-04-14
-391833461769502522,Nicholas Freeman,Administrativo - Facturación,ES,Sevilla,Nocturno,Activo,2019-08-28
-385609219522591549,Matthew Garcia,Administrativo - RRHH,CO,Cali,Administrativo,Activo,2022-04-03
-374967443748696782,Emily Hayes,Enfermero/a,CO,Ibagué,Administrativo,Activo,2022-03-23
-352723017025496174,Kevin Cunningham,Auxiliar de Enfermería,CO,Barranquilla,Diurno,Activo,2019-12-17
-351786186817972788,Jeffrey Smith,Médico General,MX,Monterrey,Nocturno,Inactivo,2018-11-23
-345994576370064214,Patrick Graham,Médico General,CO,Ibagué,Diurno,Activo,2024-03-28
-343044474282342539,Nicholas Humphrey,Médico General,EC,Cuenca,Administrativo,Activo,2020-11-04
-330528426698856514,Eric Arnold,Personal de TI / Soporte,CO,Bogotá,Tarde,Activo,2018-04-05
-326502785189878111,Sarah Trevino,Administrativo - RRHH,CO,Ibagué,Diurno,Activo,2017-12-09
-293947932499077900,Deborah Mercado,Personal de Laboratorio,AR,Rosario,Diurno,Activo,2017-05-14
-278506672946585993,Albert Hunter,Auxiliar de Enfermería,CO,Bogotá,Diurno,Activo,2016-12-16
-272147199624957755,Jennifer Lawrence,Auxiliar de Enfermería,CO,Medellín,Diurno,Activo,2024-11-01
-263506017734235884,Kimberly Lutz,Auxiliar de Enfermería,CO,Bucaramanga,Administrativo,Activo,2020-12-04
-262334242842878167,Holly Walker,Auxiliar de Enfermería,CO,Medellín,Nocturno,Activo,2023-08-18
-220547725104289793,Donna Marshall,Enfermero/a,CO,Cali,Administrativo,Activo,2021-04-09
-215247441672207671,Jonathan Bates,Médico Especialista,CO,Bucaramanga,Diurno,Activo,2024-04-23
-211719295146853428,Lisa Martin,Médico Especialista,CO,Bogotá,Tarde,Activo,2021-04-21
-201068917907525374,Christopher Fry,Personal de TI / Soporte,CO,Medellín,Diurno,Activo,2022-08-12
-193357094969425511,Nancy Webb,Auxiliar de Enfermería,CO,Medellín,Tarde,Activo,2019-11-28
-163213345667368023,John Brown,Personal de TI / Soporte,CO,Medellín,Diurno,Activo,2020-01-02
-160697970659769714,Daniel Velez,Médico General,CO,Ibagué,Diurno,Activo,2019-12-06
-158548282973540320,Jesse Williams,Auxiliar de Enfermería,CO,Bogotá,Tarde,Activo,2025-07-03
-153742318518297307,Michael Boyd,Médico General,CO,Medellín,Diurno,Activo,2024-02-23
-144856321914093312,Deborah Stephens,Médico General,CO,Bogotá,Tarde,Activo,2018-03-30
-136264885161346747,Holly Valdez,Médico Especialista,CO,Barranquilla,Nocturno,Activo,2024-03-13
-136036924100232352,Jamie Solomon,Médico Especialista,CO,Barranquilla,Diurno,Activo,2021-04-29
-135522782045641076,Sean Tucker,Personal de TI / Soporte,PE,Cusco,Administrativo,Inactivo,2021-01-06
-119915887090035487,Kathryn Taylor,Enfermero/a,CO,Ibagué,Tarde,Activo,2018-03-03
-114585788338639035,Mason Lewis,Auxiliar de Enfermería,CO,Barranquilla,Nocturno,Activo,2018-05-12
-112710320167298705,Mitchell Wilson,Enfermero/a,CO,Cali,Nocturno,Activo,2018-10-02
-107291806768736147,Michelle Olson,Enfermero/a,CO,Bogotá,Nocturno,Activo,2020-12-26
-96568822973252265,Christopher Whitaker,Auxiliar de Enfermería,ES,Barcelona,Nocturno,Activo,2016-11-17
-82508886041911679,Kenneth Martin,Médico General,CL,Valparaíso,Administrativo,Activo,2022-05-06
-81038909459914283,Kenneth Brown,Directivo / Gerencia,CL,Concepción,Nocturno,Inactivo,2019-01-01
-73977651669400118,Tyler Greene,Administrativo - Facturación,CO,Cali,Diurno,Inactivo,2021-10-01
-62831466141276701,Nathan Stanley,Personal de Laboratorio,CO,Bucaramanga,Diurno,Activo,2019-03-25
-52133653632470046,Jerry Haney,Enfermero/a,CO,Barranquilla,Nocturno,Activo,2024-06-25
-37376195941949566,Ronald Burke,Médico General,CO,Bogotá,Diurno,Activo,2023-10-30
-36478775935871761,Catherine Keller,Personal de TI / Soporte,CO,Bucaramanga,Diurno,Activo,2019-01-22
-36477859200882186,Grace Chavez,Enfermero/a,CO,Medellín,Diurno,Activo,2021-12-29
-33750613624353277,James Rodriguez,Médico Especialista,CO,Cali,Tarde,Activo,2018-07-02
-31960117020809398,Kathy Barnes,Enfermero/a,CL,Concepción,Diurno,Activo,2018-01-09
-17928412312771734,John Mendez,Personal de Laboratorio,CO,Ibagué,Nocturno,Activo,2017-01-11
-11800526933659169,Kathy Wilson,Auxiliar de Enfermería,CO,Bucaramanga,Nocturno,Activo,2021-01-07
-7759846742961589,Larry Carey,Personal de Laboratorio,AR,Buenos Aires,Nocturno,Activo,2024-10-01
40532640539927661,Marie Boyd,Personal de Laboratorio,CO,Barranquilla,Diurno,Activo,2020-01-05
48839638022058308,Joseph Perez,Médico General,CO,Bogotá,Tarde,Activo,2023-11-25
53253548620448837,Jane Chapman,Personal de TI / Soporte,CO,Ibagué,Tarde,Activo,2023-05-08
61104246317593936,Melissa Davis,Enfermero/a,CO,Medellín,Tarde,Activo,2017-11-19
62075917231803366,David Trevino,Auxiliar de Enfermería,CO,Bucaramanga,Nocturno,Activo,2019-03-25
64063288758991515,Jennifer Lopez,Médico Especialista,CO,Medellín,Diurno,Activo,2023-01-22
71319342446869828,Laura Wilson,Directivo / Gerencia,CO,Cali,Administrativo,Activo,2016-09-28
76783686619002214,Melissa Stewart,Enfermero/a,CO,Medellín,Diurno,Activo,2019-12-09
80543066795886364,Matthew King,Médico Especialista,CO,Bogotá,Nocturno,Activo,2024-05-16
81029044592469483,Jacob Hill,Enfermero/a,CO,Bogotá,Tarde,Activo,2022-10-21
89462947408438493,Jennifer Bowers,Médico Especialista,MX,Guadalajara,Diurno,Activo,2021-01-07
95253251098045937,Justin King,Médico General,CO,Cali,Nocturno,Activo,2019-06-09
98585584646560238,Michael Fitzgerald,Auxiliar de Enfermería,CO,Ibagué,Diurno,Activo,2024-05-16
122638329460342016,Nicole Griffin,Enfermero/a,CO,Bucaramanga,Nocturno,Activo,2022-12-21
128280393086676602,Daniel Morales,Personal de TI / Soporte,MX,Monterrey,Tarde,Activo,2019-09-22
149567493532951627,Melissa Mann,Enfermero/a,CO,Barranquilla,Diurno,Activo,2018-02-15
158901820999218398,Abigail Davis,Personal de Laboratorio,CO,Bogotá,Diurno,Activo,2017-12-26
164131365378676229,Jessica Brown,Enfermero/a,CO,Barranquilla,Nocturno,Activo,2018-09-03
170582948414445151,Andrew Cruz,Farmacéutico/a,CO,Bucaramanga,Diurno,Activo,2025-07-15
173553487759321692,Kelly Dawson,Auxiliar de Enfermería,CO,Cali,Administrativo,Inactivo,2022-01-20
174640156203344908,Samantha Bowman,Enfermero/a,CO,Bucaramanga,Nocturno,Activo,2020-08-17
184362623929617180,Matthew Lara,Personal de TI / Soporte,MX,Puebla,Nocturno,Activo,2019-04-03
198556498745727583,Kyle Black,Enfermero/a,CO,Cali,Diurno,Activo,2018-10-06
238096869526841425,Andrew Allen,Médico General,CO,Ibagué,Nocturno,Inactivo,2016-09-05
244357687685773151,Zachary Chan,Farmacéutico/a,CO,Ibagué,Administrativo,Activo,2019-11-09
245413996115809405,Kevin Holmes,Administrativo - Facturación,CO,Barranquilla,Diurno,Activo,2023-04-24
261539326991769989,Brandon Mitchell,Médico Especialista,CO,Barranquilla,Diurno,Activo,2024-02-23
274353785419295099,Hannah Richmond,Enfermero/a,CO,Bogotá,Diurno,Activo,2019-03-02
280661392379325812,Cheyenne Spears,Administrativo - RRHH,CL,Concepción,Tarde,Inactivo,2021-11-07
290573617695457942,Jason Rodriguez,Personal de Laboratorio,AR,Buenos Aires,Nocturno,Inactivo,2017-04-30
294774649301740057,Travis Pratt,Directivo / Gerencia,PE,Arequipa,Tarde,Activo,2025-04-15
312890127604127453,Robin Andrews,Auxiliar de Enfermería,CO,Bucaramanga,Tarde,Activo,2022-12-04
318445141234027577,Kristine Carrillo,Farmacéutico/a,CO,Cali,Diurno,Activo,2023-06-30
319458792662160492,Judy Murray,Enfermero/a,CO,Ibagué,Diurno,Activo,2021-12-16
321447932476746888,Brian Jones,Personal de TI / Soporte,CO,Cali,Diurno,Activo,2022-05-19
329184630007994901,Megan Hall MD,Enfermero/a,CO,Bogotá,Administrativo,Activo,2025-04-11
329876365589340521,Alexandra Collier,Personal de Laboratorio,CO,Bogotá,Nocturno,Activo,2018-11-30
349492264981818000,Michael Nicholson,Enfermero/a,CO,Medellín,Tarde,Activo,2017-05-12
359073086464544945,Karen Gomez,Auxiliar de Enfermería,CO,Bucaramanga,Nocturno,Activo,2024-09-22
362470963841804665,Travis Vega,Farmacéutico/a,AR,Rosario,Diurno,Activo,2024-11-12
363423067174725118,Mr. Nicolas Salas II,Auxiliar de Enfermería,CO,Ibagué,Diurno,Activo,2018-07-03
367816946639731569,Luke Moore,Personal de TI / Soporte,CO,Bogotá,Diurno,Activo,2017-08-21
377618718314325853,Megan Alvarado,Enfermero/a,CO,Bucaramanga,Administrativo,Activo,2022-03-15
378522321304501468,Kimberly Williams,Farmacéutico/a,CO,Cali,Nocturno,Activo,2021-01-07
407203068119734878,Katherine Galloway,Enfermero/a,PE,Cusco,Nocturno,Activo,2024-10-01
415090862613429614,Katherine Joyce,Enfermero/a,CO,Bogotá,Diurno,Activo,2024-12-02
415945551149301255,Daniel Ray,Enfermero/a,PE,Lima,Diurno,Activo,2017-03-01
416345504819225153,Karen Fernandez,Médico Especialista,MX,Puebla,Nocturno,Activo,2021-03-14
420254485332751656,Michael Thompson,Médico Especialista,CO,Ibagué,Tarde,Activo,2025-06-19
436916346524468024,Julia Norris,Farmacéutico/a,CO,Bucaramanga,Administrativo,Activo,2016-10-13
437453406989894615,Kevin Nguyen,Farmacéutico/a,CO,Barranquilla,Nocturno,Activo,2022-03-12
454652179964526035,Joshua Young,Farmacéutico/a,CO,Cali,Tarde,Activo,2020-12-02
468597381449595176,Holly Jimenez,Médico Especialista,CO,Medellín,Nocturno,Inactivo,2018-07-29
472421656841363315,Jacqueline Dickerson,Enfermero/a,EC,Cuenca,Administrativo,Inactivo,2019-03-13
492698618441930439,Carlos Johnston,Médico General,CO,Barranquilla,Tarde,Activo,2018-09-26
493944666756450203,Devin Young,Personal de Laboratorio,AR,Rosario,Nocturno,Activo,2020-07-26
497798784239140547,Charles Haley,Administrativo - RRHH,CO,Barranquilla,Administrativo,Activo,2018-01-09
510209716063239674,Cassandra Porter,Médico General,EC,Quito,Diurno,Activo,2025-08-21
544852185750196120,Kelly Le,Farmacéutico/a,CO,Barranquilla,Administrativo,Inactivo,2023-09-30
549771390889321665,Justin Bradley,Médico Especialista,CO,Cali,Diurno,Activo,2020-04-06
551504638347992762,Amy Cervantes,Enfermero/a,CO,Barranquilla,Nocturno,Activo,2020-12-19
571655941817736465,Joanna Cook,Médico Especialista,CO,Cali,Nocturno,Activo,2019-12-05
579622553541926493,Tara Scott,Enfermero/a,ES,Valencia,Nocturno,Activo,2016-11-09
580538526812893238,Sean Mccarty,Farmacéutico/a,CO,Bucaramanga,Tarde,Activo,2018-06-20
584558737565308881,Mariah Thompson,Personal de TI / Soporte,CO,Bogotá,Nocturno,Activo,2023-09-13
586188619847410803,Michael Freeman,Médico General,CO,Medellín,Diurno,Activo,2023-04-22
586196703547065115,Jane Mitchell,Auxiliar de Enfermería,CO,Cali,Diurno,Activo,2022-05-13
589505589589612036,Christopher Morton,Farmacéutico/a,CO,Barranquilla,Diurno,Activo,2019-09-18
591488031358135090,Laura Sweeney,Personal de TI / Soporte,CO,Bucaramanga,Tarde,Activo,2017-04-27
594009510855884642,Darren Stewart,Auxiliar de Enfermería,CO,Barranquilla,Tarde,Activo,2019-04-20
606166407593143138,Matthew Nelson,Médico General,CO,Cali,Diurno,Activo,2020-09-06
621845881036861260,Heidi Matthews,Auxiliar de Enfermería,CO,Bucaramanga,Administrativo,Activo,2025-05-14
629592483895387782,Clinton Johnson,Enfermero/a,CL,Valparaíso,Tarde,Activo,2023-03-25
634932726184985019,Teresa Haynes,Directivo / Gerencia,CO,Ibagué,Tarde,Activo,2017-05-26
638278412039124210,Brian Brown,Enfermero/a,CO,Bogotá,Tarde,Activo,2024-08-02
639156126897569203,Allison Sanders,Farmacéutico/a,CO,Barranquilla,Diurno,Inactivo,2023-07-25
640565518400966836,Dennis Moore,Médico Especialista,CO,Bogotá,Nocturno,Activo,2022-07-28
641869321732399197,Ellen Wright,Enfermero/a,CO,Cali,Tarde,Activo,2019-03-28
642616505012045179,Bonnie Roberson,Administrativo - RRHH,CO,Cali,Diurno,Activo,2016-12-07
647230220523043102,Shannon Nguyen,Auxiliar de Enfermería,CO,Cali,Administrativo,Activo,2020-12-18
648020173358692836,Kimberly Nelson,Enfermero/a,CO,Bogotá,Nocturno,Activo,2020-09-06
666580368949218065,Melissa Thompson,Personal de TI / Soporte,CO,Barranquilla,Nocturno,Activo,2022-01-21
688640229782130215,Madison Elliott,Administrativo - Facturación,EC,Cuenca,Administrativo,Activo,2021-05-22
693375237930170928,Emily Reed,Enfermero/a,CO,Bogotá,Administrativo,Activo,2021-07-14
702969858624746507,Jessica Diaz,Auxiliar de Enfermería,CO,Bucaramanga,Diurno,Activo,2019-01-06
716003091088366733,Aaron Ochoa,Auxiliar de Enfermería,CO,Ibagué,Nocturno,Inactivo,2024-04-23
725447588539601868,John Smith,Auxiliar de Enfermería,CO,Barranquilla,Nocturno,Activo,2024-12-22
726867890610472108,Karen Smith,Enfermero/a,CO,Barranquilla,Diurno,Inactivo,2020-07-20
736813725017029023,David Smith,Médico General,CO,Bogotá,Diurno,Activo,2020-01-16
738194048488396416,Justin Foster,Personal de TI / Soporte,CO,Medellín,Diurno,Activo,2018-02-23
749743412465396894,Jean Gray,Personal de TI / Soporte,CO,Ibagué,Nocturno,Activo,2019-01-17
755155362395021135,David Duran,Administrativo - Facturación,CO,Cali,Nocturno,Activo,2024-11-13
758295990411326847,Melinda Mitchell,Directivo / Gerencia,CL,Concepción,Nocturno,Activo,2023-05-14
773335303810452971,Jennifer Castaneda,Personal de Laboratorio,CO,Barranquilla,Diurno,Activo,2018-04-27
780876707792467072,Mark Williamson,Personal de Laboratorio,ES,Sevilla,Diurno,Activo,2019-02-16
786411132169845795,Chelsea Smith,Personal de Laboratorio,CO,Bogotá,Tarde,Activo,2017-02-15
787590206961462388,Charlene Garcia,Auxiliar de Enfermería,CL,Santiago,Tarde,Activo,2019-02-06
800944936228285740,Monica Hall,Enfermero/a,CO,Cali,Administrativo,Activo,2018-01-13
805504322089413951,Glenn Collins DDS,Médico General,CO,Ibagué,Administrativo,Activo,2025-08-29
813269878141597936,Rick Rivera,Farmacéutico/a,MX,Guadalajara,Administrativo,Activo,2024-04-08
817146581155693635,Amy Rowe,Enfermero/a,CO,Cali,Administrativo,Activo,2017-04-27
821378943834888546,Corey Skinner,Enfermero/a,CO,Barranquilla,Administrativo,Activo,2024-01-13
826293862007002722,Barbara Tate,Auxiliar de Enfermería,EC,Cuenca,Tarde,Activo,2018-12-02
859602288942987751,Jessica Rojas,Enfermero/a,CO,Barranquilla,Diurno,Activo,2016-12-24
875033638223862192,Ray Boyd,Médico General,CO,Bogotá,Diurno,Activo,2025-07-08
899349846445064690,Michael Collins,Administrativo - Facturación,CO,Bogotá,Tarde,Activo,2019-08-02
913474867780385905,Amanda Pineda,Administrativo - RRHH,ES,Barcelona,Diurno,Activo,2021-05-14
926913143041035421,Mark Gonzalez,Médico General,AR,Rosario,Diurno,Activo,2024-08-31
930597326634108521,Claudia Rodriguez,Médico Especialista,CO,Medellín,Administrativo,Activo,2022-05-17
942384644086230011,Christopher Hill,Enfermero/a,CO,Cali,Diurno,Activo,2017-10-03
947673919263411643,Alexa Williams,Personal de Laboratorio,CO,Ibagué,Administrativo,Activo,2023-09-24
948969176028019707,Kyle Watson,Administrativo - Facturación,CO,Bogotá,Nocturno,Activo,2017-06-26
954690400528644465,Brandon Montgomery,Médico Especialista,ES,Sevilla,Nocturno,Activo,2025-01-20
963919189583009981,Lori Brown DDS,Personal de Laboratorio,CO,Bogotá,Nocturno,Activo,2022-12-28
964412330432999040,Beth Hall,Médico Especialista,CO,Medellín,Diurno,Activo,2025-07-06
966579988247534947,Nicole Trujillo,Enfermero/a,CO,Bogotá,Nocturno,Activo,2020-08-17
977097335008515120,Michael Howard,Directivo / Gerencia,CO,Barranquilla,Diurno,Activo,2017-11-21
984042950471452842,Karina Kim,Médico General,AR,Buenos Aires,Administrativo,Activo,2019-05-01
991298017975676989,Cheryl Lopez,Médico General,CO,Bucaramanga,Diurno,Inactivo,2019-10-22
992886222838522519,Denise Guerra,Enfermero/a,CO,Medellín,Diurno,Activo,2024-11-27
1012520176892002414,Andrea Moore,Auxiliar de Enfermería,MX,Puebla,Nocturno,Activo,2019-05-04
1016328838836411255,Jacob Smith,Personal de TI / Soporte,CL,Concepción,Nocturno,Activo,2022-06-03
1018199833267737080,Cody Smith,Directivo / Gerencia,CO,Cali,Tarde,Activo,2024-05-22
1020423884610773960,Cynthia Le,Médico Especialista,CL,Concepción,Nocturno,Activo,2022-08-08
1023915207666653329,Jasmine Warren,Médico Especialista,CO,Bucaramanga,Diurno,Activo,2021-02-26
1029690294222103281,Lisa Morris,Personal de Laboratorio,MX,Monterrey,Nocturno,Activo,2022-06-12
1030520431906464807,Joseph Jones,Enfermero/a,CO,Barranquilla,Diurno,Activo,2024-03-12
1033893986976128908,Shane Harris,Administrativo - RRHH,CO,Barranquilla,Diurno,Activo,2021-01-17
1036119402401610841,Kenneth Huff,Farmacéutico/a,CO,Barranquilla,Diurno,Activo,2022-08-07
1051771448985994948,Meredith Scott,Médico Especialista,CO,Medellín,Diurno,Activo,2019-12-23
1069288197528930856,Andrea Conrad,Administrativo - Facturación,CO,Barranquilla,Diurno,Inactivo,2018-07-23
1076535778060665255,Steve Miller PhD,Médico General,CO,Ibagué,Tarde,Activo,2017-03-23
1129365280059859166,Teresa Perry,Enfermero/a,CO,Medellín,Diurno,Activo,2020-01-01
1131785529226356779,Samantha Baker,Auxiliar de Enfermería,CO,Barranquilla,Diurno,Inactivo,2017-01-16
1142932649051397477,Eric Blackburn,Auxiliar de Enfermería,CO,Medellín,Tarde,Activo,2025-04-28
1146275713505087755,Neil Schmidt,Farmacéutico/a,CO,Ibagué,Diurno,Activo,2018-05-20
1149091405853446831,Danielle Garrett,Farmacéutico/a,CL,Concepción,Nocturno,Activo,2018-04-16
1153263585675167999,Jennifer Garcia,Directivo / Gerencia,EC,Cuenca,Administrativo,Activo,2022-06-05
1165698787698941982,Jimmy Ortega,Directivo / Gerencia,CO,Medellín,Tarde,Activo,2024-08-15
1173894704494183903,Christopher Morales,Auxiliar de Enfermería,CO,Bogotá,Administrativo,Activo,2019-09-19
1199687375390996563,Zachary Ramos,Médico Especialista,CO,Cali,Diurno,Activo,2019-11-07
1201287708237676170,William Nguyen,Personal de Laboratorio,CO,Barranquilla,Diurno,Activo,2020-01-09
1205703132672255287,Jessica Swanson,Directivo / Gerencia,PE,Arequipa,Nocturno,Activo,2022-02-25
1209706020219933767,Cindy Cannon,Enfermero/a,CO,Ibagué,Nocturno,Activo,2025-01-05
1231773014420035141,Tyrone West,Enfermero/a,CO,Cali,Nocturno,Activo,2020-04-02
1266294465212314853,Victoria Larson,Enfermero/a,CO,Bogotá,Diurno,Activo,2021-05-03
1270894423359657603,Elizabeth Evans MD,Médico Especialista,CO,Cali,Nocturno,Activo,2024-05-18
1278964750378775979,Rodney Norris,Farmacéutico/a,AR,Rosario,Tarde,Activo,2019-03-01
1297190480999414593,Kristie Howe,Enfermero/a,CO,Cali,Diurno,Activo,2018-01-26
1306620818583714244,Henry Taylor,Personal de Laboratorio,CO,Ibagué,Diurno,Activo,2019-12-25
1311967929997378902,Crystal Shepherd,Administrativo - Facturación,CO,Ibagué,Administrativo,Activo,2017-07-04
1318508992423703603,Thomas Navarro,Administrativo - Facturación,CL,Concepción,Diurno,Activo,2023-03-11
1321182055340968770,Carrie Petersen,Enfermero/a,CO,Barranquilla,Nocturno,Activo,2022-11-19
1323198079986640767,Susan Larson,Enfermero/a,AR,Buenos Aires,Nocturno,Activo,2019-05-20
1345301363166844646,Laura Miller,Personal de Laboratorio,PE,Arequipa,Nocturno,Activo,2017-03-07
1349938458569426057,Hannah Montoya,Administrativo - Facturación,CO,Ibagué,Nocturno,Activo,2020-06-05
1365277297297416245,Sheila Perez,Auxiliar de Enfermería,PE,Arequipa,Administrativo,Activo,2022-07-21
1385986260577188447,Alexandra Waters,Administrativo - RRHH,CO,Cali,Diurno,Activo,2020-02-14
1387422473395148883,Andrew Fernandez,Médico Especialista,CO,Cali,Diurno,Activo,2018-01-09
1398867169562423751,Connie Williams,Administrativo - RRHH,CO,Ibagué,Tarde,Activo,2023-04-06
1409089611238895571,Jeremy Larson,Médico Especialista,CO,Ibagué,Tarde,Inactivo,2021-03-22
1418325924292458979,Dylan Foster,Médico General,CO,Barranquilla,Diurno,Activo,2017-11-13
1423382980999084700,Kenneth Williams,Auxiliar de Enfermería,CO,Barranquilla,Diurno,Activo,2020-04-09
1428012973626540786,Jonathan Ayala,Médico Especialista,CO,Cali,Diurno,Activo,2017-11-07
1435309313392461681,Justin Freeman,Médico Especialista,CO,Medellín,Diurno,Activo,2022-07-19
1445543833966277169,Luis Fitzgerald,Médico Especialista,CO,Bucaramanga,Diurno,Inactivo,2018-11-23
1454505174548504900,Ricardo Morris,Enfermero/a,CO,Medellín,Administrativo,Activo,2024-12-29
1457125734109499237,Michael Henderson,Personal de Laboratorio,CO,Ibagué,Diurno,Activo,2019-10-24
1486727094534290888,Kirk Johnson,Médico Especialista,EC,Guayaquil,Administrativo,Activo,2019-06-03
1523134068586294123,Lisa Branch MD,Farmacéutico/a,CL,Santiago,Administrativo,Activo,2017-12-28
1523473556687457594,Robert Gonzalez,Administrativo - Facturación,CO,Barranquilla,Diurno,Activo,2020-01-16
1551545334602756216,Sarah Rodriguez,Médico General,CO,Bogotá,Nocturno,Activo,2017-03-03
1570843282749998035,Tammy Melton,Médico General,CO,Cali,Nocturno,Inactivo,2024-01-22
1577494204479626252,Michael Rodriguez,Administrativo - RRHH,MX,Puebla,Nocturno,Activo,2020-09-23
1579123302722010807,Daniel Medina,Administrativo - Facturación,CO,Bucaramanga,Diurno,Activo,2018-07-06
1583081130508983820,Deanna Webb,Auxiliar de Enfermería,MX,Puebla,Diurno,Activo,2023-04-01
1583447870706231242,Michael Smith,Administrativo - Facturación,CO,Barranquilla,Diurno,Activo,2021-12-04
1591960132700233312,Amanda Jackson,Médico Especialista,CO,Bucaramanga,Nocturno,Activo,2019-03-27
1594716447161858557,Lisa Brown,Enfermero/a,CO,Bucaramanga,Administrativo,Activo,2022-07-28
1604260295663450528,James Nelson,Personal de Laboratorio,CO,Medellín,Nocturno,Activo,2024-05-06
1609981896482989140,Sharon Smith,Enfermero/a,AR,Córdoba,Nocturno,Activo,2024-06-26
1620999222254867273,Crystal James,Personal de Laboratorio,CO,Bogotá,Administrativo,Activo,2025-06-20
1630439589193927680,Ethan Delacruz,Auxiliar de Enfermería,CO,Medellín,Nocturno,Activo,2021-06-18
1630755975253729699,Jonathan Ellis,Personal de Laboratorio,CO,Ibagué,Diurno,Activo,2025-01-05
1645964275634432264,David Moreno,Enfermero/a,CO,Ibagué,Administrativo,Activo,2019-09-06
1665996406106700925,Christopher Reed,Enfermero/a,CO,Cali,Tarde,Inactivo,2019-11-05
1666126868538209516,Cynthia Good,Médico General,CO,Bogotá,Diurno,Activo,2021-03-10
1671179551715336092,Lori Johns,Médico General,CO,Barranquilla,Tarde,Activo,2024-09-09
1675977634120067645,Alyssa Peters,Personal de Laboratorio,CO,Bogotá,Administrativo,Activo,2019-03-14
1676521496273584185,Steven Sandoval,Médico Especialista,CO,Ibagué,Diurno,Activo,2017-06-20
1687127750734816956,Tyler Salazar,Médico Especialista,CO,Barranquilla,Tarde,Activo,2022-04-23
1689617908428389664,David Hernandez,Médico General,CO,Bogotá,Diurno,Activo,2025-05-31
1717281101479885795,Erin Daniels,Médico General,CO,Bucaramanga,Diurno,Activo,2018-07-16
1732913886500734898,Joshua Mcbride,Administrativo - Facturación,AR,Buenos Aires,Diurno,Activo,2024-06-10
1746212100950108577,Michael Mills,Enfermero/a,CO,Barranquilla,Nocturno,Activo,2017-11-23
1753407625810593775,Vanessa Thomas DVM,Directivo / Gerencia,CO,Bucaramanga,Administrativo,Activo,2024-12-06
1755134844649222822,Justin Fry,Médico Especialista,PE,Lima,Diurno,Activo,2017-09-29
1762062968938280586,Shawn Acosta,Farmacéutico/a,CO,Bogotá,Diurno,Activo,2023-07-26
1766803293050896576,Jennifer Jenkins,Enfermero/a,CO,Barranquilla,Diurno,Activo,2020-08-31
1772558979673813634,Stephanie Mahoney,Enfermero/a,CO,Cali,Diurno,Activo,2019-02-21
1783819394184856509,Ashley Lopez,Administrativo - RRHH,CO,Cali,Tarde,Activo,2023-07-17
1797373071168081806,Debra Bradley,Directivo / Gerencia,CO,Ibagué,Nocturno,Activo,2018-10-04
1807735984636935196,Michael Howard,Administrativo - RRHH,PE,Cusco,Nocturno,Activo,2022-11-14
1809112113790238269,Jonathan Jacobs,Médico General,EC,Guayaquil,Tarde,Inactivo,2023-02-01
1821234751292218266,Samuel Henry,Médico General,CO,Bucaramanga,Tarde,Activo,2017-12-01
1842661048170053635,Andrew Duran,Farmacéutico/a,CO,Bogotá,Diurno,Activo,2016-10-24
1849902174769489601,Jason Newton,Enfermero/a,MX,Monterrey,Diurno,Activo,2025-07-28
1851107146211342923,Andrea Ho,Personal de Laboratorio,CO,Bucaramanga,Administrativo,Activo,2025-07-19
1874591967557323841,Katherine Nguyen,Auxiliar de Enfermería,CO,Ibagué,Nocturno,Activo,2020-10-17
1877773061948106412,Jared Williams,Auxiliar de Enfermería,CO,Barranquilla,Administrativo,Activo,2023-04-19
1900243434260000197,Erik Carr,Administrativo - Facturación,CO,Cali,Administrativo,Activo,2023-05-12
1902394973662789903,Kelly Liu,Farmacéutico/a,CO,Bucaramanga,Nocturno,Inactivo,2023-10-05
1903104639555824173,Jocelyn Wilcox,Médico Especialista,CO,Bucaramanga,Administrativo,Activo,2017-01-22
1920329292613780712,Kelly Foster PhD,Médico Especialista,CO,Barranquilla,Tarde,Activo,2021-09-12
1920700049555423657,Lydia Williams,Auxiliar de Enfermería,CO,Ibagué,Diurno,Activo,2019-04-20
1920794342435568637,Eric Carey,Auxiliar de Enfermería,CL,Santiago,Diurno,Activo,2020-10-30
1938092450300805455,Louis Brown,Enfermero/a,CO,Ibagué,Diurno,Activo,2021-05-01
1980518953401800559,Ronald Hayes,Enfermero/a,CO,Bogotá,Diurno,Activo,2023-03-08
2005118152285959020,Richard Pace,Personal de Laboratorio,CO,Medellín,Tarde,Activo,2022-12-11
2023198246641779914,Jason Hayes,Administrativo - Facturación,CO,Bucaramanga,Nocturno,Activo,2018-04-15
2028946524994426884,Michelle Harris,Auxiliar de Enfermería,US,Los Ángeles,Nocturno,Activo,2020-10-08
2031670632286216609,Michael Meadows,Enfermero/a,CL,Valparaíso,Tarde,Activo,2023-11-06
2032213007932189606,Becky Wilson,Enfermero/a,CO,Medellín,Diurno,Activo,2020-09-21
2036140085952486328,Joseph Cruz,Auxiliar de Enfermería,CO,Bucaramanga,Nocturno,Activo,2023-10-19
2039598208186612599,Tiffany Gray,Enfermero/a,CO,Bogotá,Tarde,Activo,2020-02-08
2046855104384783046,Susan Cunningham,Auxiliar de Enfermería,CO,Barranquilla,Diurno,Activo,2022-08-12
2060077426992581874,Sean White,Farmacéutico/a,CO,Bogotá,Diurno,Activo,2023-02-01
2062552299561627105,Eric Mack,Médico Especialista,CO,Bucaramanga,Diurno,Activo,2020-09-10
2080458273799299696,Autumn Anderson,Médico Especialista,CO,Bucaramanga,Diurno,Activo,2018-07-03
2083943343204990257,Dawn Ellis,Médico General,CO,Bogotá,Nocturno,Activo,2024-05-17
2088984197606393143,Abigail Andrade,Administrativo - RRHH,CO,Barranquilla,Nocturno,Activo,2018-10-26
2093579696786911088,Karen Ortiz,Farmacéutico/a,CO,Medellín,Nocturno,Activo,2017-05-24
2110179278661900693,Dana Kelley,Médico General,CO,Bucaramanga,Diurno,Activo,2022-04-04
2121957118640193839,Samantha Williams,Administrativo - RRHH,CO,Cali,Nocturno,Activo,2018-01-05
2127520348453116997,Amanda Nash,Enfermero/a,CO,Bogotá,Nocturno,Activo,2022-09-06
2176726975340648970,Elizabeth Knapp,Enfermero/a,CO,Bogotá,Diurno,Activo,2017-02-13
2180001791668166761,Christopher Powers,Personal de TI / Soporte,CO,Cali,Nocturno,Activo,2022-03-06
2199152991426358824,Linda Cobb,Médico Especialista,CO,Bogotá,Tarde,Inactivo,2018-04-11
2200547917896933274,Kent Huynh,Médico General,ES,Valencia,Tarde,Activo,2017-07-08
2205127590690190821,Jacob Gray,Auxiliar de Enfermería,CL,Valparaíso,Diurno,Activo,2017-04-15
2209124679467903275,Joshua Carter,Médico General,CO,Cali,Tarde,Activo,2017-11-21
2223584556682026866,Denise Rose,Farmacéutico/a,CO,Barranquilla,Diurno,Activo,2021-05-26
2224082743706622881,Lisa Rodriguez,Médico General,CO,Medellín,Diurno,Activo,2023-03-31
2238017779888532720,Victoria Webb,Médico Especialista,CO,Medellín,Diurno,Activo,2022-11-16
2242357636796489616,Victoria Mitchell,Médico General,CO,Ibagué,Administrativo,Activo,2022-02-27
2263013017286907998,Joseph Carney,Enfermero/a,CO,Barranquilla,Diurno,Activo,2019-11-12
2264073664475181892,Justin Stone,Médico General,CO,Ibagué,Tarde,Activo,2022-05-13
2272074151837337653,Christopher Lynch DDS,Médico Especialista,CO,Bucaramanga,Diurno,Activo,2025-06-28
2298137863957605997,Alexander Garrett,Administrativo - RRHH,CO,Medellín,Administrativo,Activo,2017-09-27
2299589966205712724,Rebecca Duarte,Enfermero/a,CO,Medellín,Tarde,Activo,2020-05-27
2301808177581448290,Justin Walsh,Enfermero/a,CO,Medellín,Administrativo,Activo,2016-10-12
2305496739224559526,Douglas Tyler,Médico Especialista,CO,Bogotá,Diurno,Activo,2019-06-13
2308171280057058196,Erica Smith,Enfermero/a,CO,Ibagué,Diurno,Activo,2022-11-07
2323013392928881915,Nathaniel Gilbert,Enfermero/a,CO,Barranquilla,Tarde,Inactivo,2016-12-09
2338535305530010845,Gary Morgan,Auxiliar de Enfermería,CO,Ibagué,Diurno,Activo,2022-09-24
2361541417975793393,Rebecca Brewer,Médico General,CO,Bucaramanga,Nocturno,Activo,2021-01-04
2365408519555377716,Stephanie Herrera,Administrativo - RRHH,CO,Medellín,Administrativo,Activo,2019-09-11
2365434002490440010,Jennifer Newton,Personal de TI / Soporte,ES,Sevilla,Tarde,Activo,2024-03-11
2399351915108751357,Nathaniel Stewart,Médico Especialista,CO,Ibagué,Administrativo,Activo,2021-07-02
2399632061743007372,Michael Marsh,Médico Especialista,CO,Medellín,Tarde,Activo,2024-09-01
2402506356772538898,Wayne Ramirez,Médico Especialista,CO,Medellín,Diurno,Activo,2016-12-16
2403856564659909496,Miss Sarah Duncan,Auxiliar de Enfermería,ES,Sevilla,Tarde,Activo,2020-03-08
2411471284039422535,Sharon Walton,Médico Especialista,MX,Monterrey,Diurno,Activo,2023-01-10
2418659423991637915,Andres Gutierrez,Administrativo - Facturación,PE,Arequipa,Nocturno,Activo,2021-02-24
2419254322003585099,Jesse Sampson,Personal de Laboratorio,CO,Cali,Diurno,Activo,2018-08-16
2419640107024103033,Brian Glover,Administrativo - Facturación,CO,Bucaramanga,Diurno,Activo,2023-09-05
2438800705866138319,Jill Johnson,Auxiliar de Enfermería,CO,Bogotá,Tarde,Activo,2021-01-08
2440314300068124879,Cheryl Mclean,Directivo / Gerencia,CO,Barranquilla,Diurno,Activo,2023-04-09
2456829783124359916,Patricia Thomas,Médico Especialista,CO,Cali,Diurno,Activo,2024-07-10
2456881773209996177,Teresa Rhodes,Enfermero/a,CO,Bucaramanga,Nocturno,Activo,2017-11-15
2469304271541727215,Julia Reeves,Enfermero/a,CO,Ibagué,Diurno,Activo,2021-05-18
2488071832956005114,Timothy Mcdaniel,Personal de TI / Soporte,PE,Lima,Tarde,Activo,2022-01-10
2492401748614441810,John Williams,Auxiliar de Enfermería,CO,Bogotá,Diurno,Activo,2021-05-13
2494762690535265451,Emily Lane,Administrativo - Facturación,CO,Barranquilla,Diurno,Activo,2019-06-28
2496724873765287120,Erica Lee,Médico General,CO,Cali,Diurno,Activo,2019-03-03
2509936531910309414,Jeremy Wilson,Directivo / Gerencia,AR,Rosario,Nocturno,Activo,2018-01-08
2521218090513965702,Adrian Dean,Auxiliar de Enfermería,CL,Valparaíso,Administrativo,Activo,2021-04-21
2521463834230568964,Gregory Flores,Auxiliar de Enfermería,CO,Bucaramanga,Diurno,Activo,2017-12-14
2524468288492178945,Diane Sanchez,Directivo / Gerencia,US,Houston,Administrativo,Activo,2017-04-27
2526292814590016068,Gina Wallace,Enfermero/a,PE,Cusco,Tarde,Activo,2017-11-06
2547731364829500135,Michael Rodriguez,Enfermero/a,ES,Valencia,Nocturno,Activo,2017-02-28
2562022350203063206,Christopher Carlson,Auxiliar de Enfermería,AR,Córdoba,Nocturno,Activo,2022-01-05
2572284216127884851,Melissa Jensen,Médico Especialista,CO,Cali,Nocturno,Activo,2019-06-28
2573852932220252929,Michelle Lambert,Enfermero/a,MX,Guadalajara,Nocturno,Activo,2021-06-24
2574174644110396163,Nicole Owens,Médico General,CO,Barranquilla,Tarde,Activo,2017-11-12
2575817615569495089,Tamara Mcdonald,Médico Especialista,CO,Barranquilla,Tarde,Activo,2020-10-11
2605451232303490215,Michelle Marshall,Administrativo - RRHH,CO,Bogotá,Diurno,Activo,2018-10-06
2684478750795624290,Scott Jensen,Auxiliar de Enfermería,MX,Guadalajara,Diurno,Activo,2024-11-22
2684506162233411549,Michael Ortega,Enfermero/a,US,Houston,Nocturno,Activo,2023-10-11
2698269068437864777,Jody Johnson,Enfermero/a,CO,Ibagué,Diurno,Activo,2020-12-15
2710942528256188048,Joel Jackson,Enfermero/a,EC,Guayaquil,Diurno,Activo,2023-08-04
2718732674147779465,Bethany Garcia,Auxiliar de Enfermería,CO,Ibagué,Diurno,Activo,2024-01-14
2727287404718097609,Erika Banks,Personal de TI / Soporte,CO,Cali,Diurno,Inactivo,2023-10-23
2730707068253973986,Jennifer Gutierrez,Personal de TI / Soporte,CO,Bucaramanga,Nocturno,Activo,2022-04-07
2739256224183258311,Valerie Reyes,Enfermero/a,ES,Valencia,Nocturno,Activo,2019-09-29
2747214491028989445,Leslie Mueller,Enfermero/a,CO,Bogotá,Tarde,Activo,2020-08-06
2751600688958355430,Kimberly Young,Enfermero/a,CO,Bucaramanga,Diurno,Activo,2022-08-23
2752740869551803981,Timothy Andrews,Auxiliar de Enfermería,CO,Barranquilla,Tarde,Activo,2021-01-21
2756340165236780461,Julie Peters,Enfermero/a,CO,Cali,Tarde,Activo,2024-01-28
2757719205691526314,Tyler Jones,Farmacéutico/a,CO,Bogotá,Nocturno,Activo,2017-08-28
2760359043771619630,Patricia Gray,Auxiliar de Enfermería,AR,Rosario,Tarde,Activo,2021-02-15
2760909806795471346,Ann Montoya,Enfermero/a,CO,Bucaramanga,Tarde,Activo,2024-08-30
2767797492081923305,Makayla Smith,Enfermero/a,MX,Ciudad de México,Tarde,Activo,2017-12-31
2782611932533569493,Joseph Price,Enfermero/a,CO,Ibagué,Administrativo,Inactivo,2021-11-17
2811137700019348982,Michael Stewart,Médico Especialista,EC,Cuenca,Nocturno,Activo,2021-10-23
2820709893363029947,Elizabeth Harding,Médico General,CO,Barranquilla,Tarde,Activo,2020-08-03
2826448239211972401,Mrs. Ann Smith,Personal de Laboratorio,CO,Cali,Tarde,Activo,2025-07-22
2826913723891456437,Cameron Phillips,Enfermero/a,CO,Medellín,Diurno,Activo,2020-01-01
2836275673372516650,Amy Warner,Médico General,CO,Ibagué,Administrativo,Activo,2024-01-24
2837832887227135007,Scott Glenn,Auxiliar de Enfermería,CO,Cali,Diurno,Activo,2018-10-18
2840247995809326038,Jennifer Flores,Personal de Laboratorio,MX,Guadalajara,Diurno,Activo,2020-02-15
2861119674370667195,Joshua Bates,Enfermero/a,CO,Bucaramanga,Administrativo,Activo,2020-12-13
2861173184811957103,James Middleton,Administrativo - Facturación,CO,Medellín,Nocturno,Activo,2024-03-27
2879464147023960428,Zachary Santiago,Personal de TI / Soporte,CO,Ibagué,Diurno,Activo,2017-11-20
2883588525462380140,Alan Griffith,Auxiliar de Enfermería,EC,Guayaquil,Diurno,Activo,2021-01-21
2895367996527289086,William Miller,Farmacéutico/a,CO,Bucaramanga,Diurno,Activo,2022-06-17
2904229140860378743,Jesus Mccormick,Médico Especialista,CO,Bucaramanga,Tarde,Activo,2022-02-12
2914873675305395074,Christopher Hicks,Personal de TI / Soporte,CO,Bucaramanga,Diurno,Activo,2021-08-24
2922455723774365830,Henry Lopez,Enfermero/a,CO,Bucaramanga,Administrativo,Activo,2022-02-13
2929021992242087323,Sarah Young,Personal de TI / Soporte,CO,Medellín,Administrativo,Activo,2021-03-12
2934348147882417508,Joshua Richardson,Auxiliar de Enfermería,CO,Bucaramanga,Tarde,Activo,2025-06-25
2936231783403026688,Michele Wilson,Médico Especialista,CO,Bogotá,Nocturno,Activo,2021-01-04
2938877318025137203,Brenda Simon,Médico Especialista,CO,Bucaramanga,Diurno,Activo,2025-07-13
2940625052780717375,Dr. Julie Miller,Farmacéutico/a,CO,Bucaramanga,Diurno,Activo,2024-09-08
2942626125504835632,John Harmon,Auxiliar de Enfermería,CO,Bogotá,Nocturno,Activo,2025-04-27
2976409132987949902,Mark Yates,Médico Especialista,CL,Valparaíso,Diurno,Inactivo,2019-06-29
2989483417077677476,Greg Osborne,Personal de Laboratorio,CO,Barranquilla,Diurno,Activo,2020-11-24
3005412662444625561,Julie Gross,Administrativo - Facturación,CO,Bogotá,Diurno,Activo,2020-06-19
3006136090149630698,Rebecca Roberts,Auxiliar de Enfermería,CO,Ibagué,Diurno,Activo,2016-12-30
3006367024545105595,Nicole Acosta,Enfermero/a,CO,Cali,Tarde,Activo,2021-10-01
3025152987925684479,John Jackson,Médico Especialista,AR,Rosario,Nocturno,Activo,2017-02-21
3028960826185946222,Rhonda Weber MD,Personal de Laboratorio,CO,Medellín,Nocturno,Inactivo,2017-06-03
3067311193574117504,Sarah Ramirez,Enfermero/a,CO,Bogotá,Nocturno,Activo,2017-11-14
3071090040736003494,Scott Smith,Administrativo - RRHH,CO,Cali,Nocturno,Activo,2017-09-06
3071938356553827314,Kevin Hernandez,Enfermero/a,CO,Cali,Tarde,Inactivo,2020-09-12
3086612732839614176,Debbie Haynes,Auxiliar de Enfermería,CL,Concepción,Nocturno,Activo,2021-01-15
3089724493800281944,Shannon Cooper,Enfermero/a,CO,Barranquilla,Tarde,Activo,2017-06-09
3102988923845445171,Timothy Moore,Médico General,CO,Medellín,Diurno,Activo,2021-02-21
3113018153770525431,Patricia Young MD,Personal de Laboratorio,MX,Guadalajara,Administrativo,Activo,2022-06-01
3148001033593223784,Nicholas Reed,Auxiliar de Enfermería,MX,Guadalajara,Diurno,Activo,2022-06-17
3151535461791376259,Audrey Jackson,Auxiliar de Enfermería,CO,Ibagué,Diurno,Activo,2020-04-07
3159899719962392918,Paul Goodwin,Directivo / Gerencia,CO,Cali,Diurno,Activo,2021-06-21
3177675991468561262,Michael Wells,Directivo / Gerencia,CO,Ibagué,Tarde,Activo,2017-12-26
3188440866448007194,Alexandra Ho,Administrativo - Facturación,MX,Monterrey,Tarde,Activo,2020-09-19
3195011224860626925,Tonya Vega,Médico General,CO,Medellín,Tarde,Activo,2017-01-17
3198128866798399073,Marcia Blanchard,Auxiliar de Enfermería,CO,Cali,Administrativo,Activo,2020-07-25
3211021284411223546,Shannon Rogers,Administrativo - RRHH,ES,Sevilla,Diurno,Activo,2019-01-30
3211865406505260786,Matthew Myers,Enfermero/a,CO,Cali,Tarde,Activo,2023-08-21
3213010552360010807,Morgan Chapman,Médico Especialista,CO,Bucaramanga,Diurno,Activo,2018-06-07
3217166243669510230,Michael White,Administrativo - Facturación,CO,Cali,Nocturno,Activo,2021-08-10
3246617982598216573,Sandra Smith,Auxiliar de Enfermería,AR,Buenos Aires,Diurno,Activo,2017-07-23
3250906840980971154,Jeremy Robinson,Auxiliar de Enfermería,CO,Barranquilla,Diurno,Activo,2019-03-25
3260950024106695827,Alexander Davis,Directivo / Gerencia,CO,Bogotá,Tarde,Activo,2025-02-14
3261424864460845175,Sara Sampson,Auxiliar de Enfermería,CO,Medellín,Nocturno,Activo,2022-06-03
3268574874468915934,Barbara Gates,Enfermero/a,MX,Guadalajara,Nocturno,Activo,2017-11-06
3282920726983871950,Stephanie Knight,Enfermero/a,MX,Puebla,Tarde,Activo,2025-05-20
3284537896693517976,Melissa King,Enfermero/a,CO,Ibagué,Nocturno,Activo,2020-11-17
3290951821869152061,Margaret Livingston,Médico Especialista,CO,Cali,Tarde,Activo,2019-03-02
3291710853718995594,Steven Carrillo,Personal de Laboratorio,CL,Santiago,Diurno,Activo,2019-08-04
3333039841412028543,Benjamin Waters,Administrativo - Facturación,MX,Puebla,Diurno,Activo,2020-02-15
3349955714180473004,Anthony Sosa,Enfermero/a,CO,Bogotá,Diurno,Inactivo,2019-01-22
3359378905012630237,John Mcfarland,Enfermero/a,CO,Cali,Diurno,Activo,2022-03-04
3364186393385803535,Johnathan Thomas,Administrativo - RRHH,PE,Cusco,Tarde,Activo,2023-08-06
3364762612607630198,Mason Gaines,Médico Especialista,CL,Santiago,Tarde,Activo,2023-02-12
3374863284009870057,Benjamin Duncan,Auxiliar de Enfermería,CO,Barranquilla,Tarde,Activo,2018-12-07
3375481959258328594,Steven Hernandez,Enfermero/a,CO,Cali,Tarde,Activo,2022-06-10
3375496198519815025,Mary Adams,Farmacéutico/a,CO,Bucaramanga,Nocturno,Activo,2022-12-24
3382792335587962490,Laura Robertson,Médico General,ES,Valencia,Nocturno,Activo,2025-02-19
3417961624817070136,Jeffrey Anthony DDS,Farmacéutico/a,CO,Ibagué,Diurno,Activo,2023-09-30
3421831410295214196,April Finley,Enfermero/a,CO,Barranquilla,Diurno,Activo,2024-01-15
3423655647950568789,Mr. Timothy Howard,Auxiliar de Enfermería,CO,Bucaramanga,Tarde,Activo,2022-10-25
3456910920153906815,Mark Benjamin,Médico Especialista,PE,Arequipa,Tarde,Activo,2017-06-30
3459058286055751103,Tonya Miller,Enfermero/a,PE,Lima,Diurno,Activo,2020-10-24
3476039630620773457,Maria Thompson,Auxiliar de Enfermería,US,Los Ángeles,Diurno,Activo,2017-01-12
3492032021436901017,Connor Dominguez,Médico General,CO,Medellín,Nocturno,Activo,2024-09-29
3501234834803507254,Heather Miller,Médico Especialista,ES,Sevilla,Nocturno,Activo,2022-05-16
3523473900005673336,Brenda Lee,Médico General,ES,Madrid,Diurno,Activo,2023-02-26
3529960132462251941,Katherine Brown,Enfermero/a,CO,Ibagué,Tarde,Activo,2021-07-17
3530991671760972606,Joseph Flowers,Médico Especialista,CO,Ibagué,Administrativo,Activo,2020-09-20
3531443565978012777,Amanda Brown PhD,Personal de TI / Soporte,EC,Guayaquil,Diurno,Activo,2017-01-23
3566974304977825085,Robert Contreras,Enfermero/a,CO,Ibagué,Administrativo,Activo,2020-10-20
3587057785174475224,Shelly Hernandez,Administrativo - Facturación,CO,Medellín,Diurno,Activo,2021-11-22
3588478693410659203,Amanda Thomas,Directivo / Gerencia,CO,Bucaramanga,Tarde,Activo,2022-07-25
3590148796833730433,Thomas Williams,Médico Especialista,CO,Bogotá,Tarde,Activo,2022-12-28
3592573438236870976,Christopher Williams,Farmacéutico/a,CO,Bucaramanga,Diurno,Activo,2019-06-12
3605718851181802098,Joy Jackson,Administrativo - RRHH,MX,Puebla,Administrativo,Inactivo,2021-12-30
3640560785008238487,Ashley Crawford,Auxiliar de Enfermería,CO,Bucaramanga,Tarde,Activo,2023-11-14
3651245575102674832,Robert Simmons,Enfermero/a,ES,Valencia,Administrativo,Activo,2023-12-25
3669092397106026521,Miss Erika Daugherty,Enfermero/a,CO,Bucaramanga,Diurno,Activo,2021-11-11
3670493071323559153,Russell Mcguire,Médico Especialista,CO,Barranquilla,Administrativo,Activo,2023-07-23
3680518048691243706,Gabriela Martinez,Auxiliar de Enfermería,ES,Madrid,Administrativo,Inactivo,2017-12-13
3688550809554160459,Michael Tran,Directivo / Gerencia,CO,Medellín,Tarde,Activo,2020-08-16
3694078662158818064,Amanda Garcia,Personal de TI / Soporte,CO,Bogotá,Diurno,Activo,2024-04-21
3696905188628821437,Paula Smith,Médico Especialista,MX,Ciudad de México,Nocturno,Activo,2021-01-22
3721475830120513392,Christopher Davis,Farmacéutico/a,CO,Cali,Tarde,Activo,2022-07-18
3735069132282750725,Jennifer Aguirre,Enfermero/a,CO,Barranquilla,Administrativo,Activo,2023-08-19
3758244472167608232,Christine Bowman,Personal de TI / Soporte,CO,Bogotá,Tarde,Activo,2021-05-21
3769608767906657629,Todd Bishop,Médico Especialista,CL,Santiago,Diurno,Activo,2017-01-06
3782965896305009402,Jonathan Clements,Personal de TI / Soporte,CO,Medellín,Diurno,Activo,2022-04-28
3806345882367975635,Hannah Smith,Administrativo - Facturación,CO,Ibagué,Nocturno,Activo,2018-10-19
3821914906430586576,Joseph Davis,Médico Especialista,EC,Quito,Administrativo,Activo,2019-12-08
3823751944596695534,Kimberly Robinson,Médico Especialista,CO,Barranquilla,Diurno,Activo,2023-08-12
3826457053849101843,Destiny Lee,Administrativo - Facturación,CO,Barranquilla,Nocturno,Activo,2023-11-06
3845056258893160099,Tracy Wells,Médico General,CO,Cali,Administrativo,Activo,2018-04-07
3852978190049366632,Amanda Newman,Auxiliar de Enfermería,CO,Bucaramanga,Diurno,Activo,2019-03-31
3869064131932586760,Geoffrey Trujillo,Personal de TI / Soporte,CO,Bucaramanga,Diurno,Activo,2023-07-03
3892687095038789579,Patrick Buckley,Auxiliar de Enfermería,CO,Bucaramanga,Nocturno,Inactivo,2018-04-06
3900705827508490375,Karina Wilson,Enfermero/a,CO,Ibagué,Nocturno,Activo,2024-09-25
3904010349983675043,Leslie Nguyen,Enfermero/a,CO,Barranquilla,Diurno,Activo,2018-06-20
3904362563942300377,Erika Maxwell,Médico Especialista,CO,Ibagué,Nocturno,Activo,2019-08-12
3904583600365226659,Oscar Kane,Directivo / Gerencia,CO,Bucaramanga,Tarde,Activo,2020-01-22
3907143961805562095,John Washington,Enfermero/a,CO,Bucaramanga,Administrativo,Activo,2024-09-10
3914709315425094820,Timothy Gibson,Médico General,CO,Medellín,Administrativo,Activo,2020-03-01
3916390481868345019,Nathan Chen,Enfermero/a,MX,Puebla,Nocturno,Activo,2025-06-16
3948900018693046431,Cameron Schwartz,Directivo / Gerencia,CO,Bucaramanga,Tarde,Inactivo,2017-03-20
3957795851413373452,Samuel Ellis,Médico Especialista,CO,Bogotá,Diurno,Activo,2018-03-21
3969386379706680821,Stephen Munoz,Administrativo - RRHH,CO,Barranquilla,Tarde,Activo,2023-10-14
3989796212768268449,Lisa Jackson,Farmacéutico/a,ES,Sevilla,Diurno,Activo,2025-05-29
3998744682076310169,Angelica Vincent,Administrativo - Facturación,CO,Cali,Nocturno,Activo,2021-01-30
3998935762489311174,Leslie Hood MD,Directivo / Gerencia,MX,Ciudad de México,Diurno,Activo,2023-04-01
4016801683273978141,Danielle Murphy,Administrativo - Facturación,CO,Bucaramanga,Tarde,Activo,2021-11-22
4022490547283554326,Leslie Hernandez,Personal de TI / Soporte,CO,Cali,Diurno,Activo,2021-11-03
4026222094200211768,William Williams,Médico Especialista,MX,Guadalajara,Diurno,Activo,2020-11-30
4034299423054993723,Amanda Schmidt,Personal de Laboratorio,CO,Barranquilla,Diurno,Activo,2020-12-28
4041422958011989055,Samantha Chavez,Auxiliar de Enfermería,CO,Barranquilla,Nocturno,Activo,2018-11-04
4044610688534827334,Alexandria Dennis,Auxiliar de Enfermería,US,Miami,Nocturno,Activo,2025-03-24
4052423435348536839,Edward Holland,Administrativo - RRHH,CO,Cali,Diurno,Activo,2017-06-30
4056764091069073932,Eric Warner,Directivo / Gerencia,CO,Bogotá,Administrativo,Activo,2024-05-25
4080254785646607652,Allison Gibson,Farmacéutico/a,CO,Bucaramanga,Administrativo,Activo,2023-08-17
4082145373095705668,Jennifer Clarke,Auxiliar de Enfermería,CO,Cali,Diurno,Activo,2020-01-05
4088472722642962702,Mark Dalton,Enfermero/a,ES,Valencia,Nocturno,Activo,2017-04-25
4089553705898263239,Faith Johnson,Enfermero/a,CO,Bogotá,Tarde,Activo,2020-07-05
4091769337183671063,Tracy Daniels,Enfermero/a,CL,Valparaíso,Diurno,Activo,2023-10-30
4112927338949010352,Angela Gilmore,Enfermero/a,CO,Cali,Tarde,Activo,2023-04-20
4129793321218732315,Tony Leonard,Médico Especialista,US,Miami,Diurno,Inactivo,2024-09-01
4144454248742440666,Jacob Harvey,Médico Especialista,ES,Madrid,Administrativo,Activo,2019-12-20
4147630344691689692,Justin Jones,Personal de Laboratorio,CL,Valparaíso,Administrativo,Activo,2023-01-23
4148230908125613616,William Allen,Enfermero/a,CO,Bogotá,Nocturno,Activo,2017-09-13
4164249823066780329,Todd Carpenter,Personal de TI / Soporte,CO,Bucaramanga,Tarde,Activo,2025-04-23
4167132678376153403,Patrick Perez,Auxiliar de Enfermería,CO,Medellín,Tarde,Activo,2019-11-08
4180766529132162134,Michael Ramirez,Médico Especialista,CO,Bucaramanga,Administrativo,Activo,2017-04-01
4199295232431813422,John Rose,Médico General,CO,Bucaramanga,Diurno,Activo,2017-10-13
4201749827373468486,Meghan Patel,Médico General,MX,Ciudad de México,Diurno,Activo,2019-04-23
4209372968855544428,Rebecca Dougherty,Directivo / Gerencia,CO,Bogotá,Tarde,Activo,2023-12-16
4220453255166386864,Ana Mcclain,Médico General,ES,Valencia,Diurno,Activo,2020-10-19
4252002810584711076,Steven Roberts,Auxiliar de Enfermería,CO,Medellín,Diurno,Activo,2025-04-15
4254509414152305485,Donald Terry,Personal de TI / Soporte,US,Miami,Diurno,Activo,2021-02-22
4255587793191888536,Kelly Burton,Directivo / Gerencia,CO,Ibagué,Tarde,Activo,2019-04-26
4258536133661074851,Kimberly Anderson,Médico General,CO,Medellín,Diurno,Activo,2019-10-19
4266456107328405883,Matthew Carter,Médico Especialista,ES,Madrid,Diurno,Activo,2017-03-30
4268839759469882948,Crystal Meza,Médico General,ES,Barcelona,Diurno,Activo,2022-06-25
4268898894900429695,Grant Lucas,Médico Especialista,MX,Guadalajara,Tarde,Activo,2019-08-13
4269091645900592434,Melissa Wilkinson,Médico General,US,Miami,Administrativo,Activo,2020-09-07
4280252359551462840,Carlos Clarke,Auxiliar de Enfermería,CO,Cali,Diurno,Activo,2018-03-23
4293722434705124400,John Arellano,Personal de TI / Soporte,ES,Barcelona,Nocturno,Activo,2023-08-10
4307878347189232721,Harry Bryant,Auxiliar de Enfermería,CO,Ibagué,Nocturno,Activo,2018-03-05
4309290585794880515,Michelle Mitchell,Auxiliar de Enfermería,CO,Bogotá,Diurno,Activo,2025-06-08
4314494669891244961,Melissa Estrada,Médico General,CO,Cali,Nocturno,Activo,2018-01-22
4314564680367205867,Andrew Stewart,Administrativo - Facturación,CO,Medellín,Nocturno,Activo,2017-10-25
4315259284594245550,Cody Hart,Auxiliar de Enfermería,CO,Medellín,Tarde,Activo,2016-12-28
4316672303404793152,Gregg Watson,Administrativo - RRHH,MX,Monterrey,Diurno,Activo,2021-07-15
4318732900024962365,Eric Knapp,Personal de TI / Soporte,CO,Medellín,Diurno,Activo,2020-04-26
4328149755945544666,Mr. Jimmy Flores Jr.,Enfermero/a,CL,Santiago,Administrativo,Inactivo,2023-04-29
4333090989486172342,Erin Thornton,Médico Especialista,CO,Bucaramanga,Nocturno,Activo,2020-12-10
4333766461633526021,Tony Hooper,Médico General,CO,Bogotá,Administrativo,Activo,2021-11-03
4352732974934387289,Keith Meadows,Enfermero/a,CO,Medellín,Administrativo,Activo,2020-08-28
4359025287640839308,Monique Mccullough,Personal de TI / Soporte,CO,Bogotá,Diurno,Activo,2017-12-07
4370102801429656316,Elizabeth Morales,Enfermero/a,CO,Cali,Nocturno,Activo,2024-03-30
4389006786168571354,Brandon Brown,Personal de Laboratorio,CO,Medellín,Tarde,Activo,2022-06-13
4392480120411315223,Courtney Walls,Auxiliar de Enfermería,CO,Ibagué,Nocturno,Activo,2019-03-07
4396661923817049493,Joshua Griffin,Médico General,CO,Cali,Diurno,Activo,2022-09-21
4397647436579964734,Jorge Lee,Enfermero/a,MX,Ciudad de México,Diurno,Activo,2019-07-16
4398042883213261846,Terri Kerr,Farmacéutico/a,CO,Medellín,Nocturno,Inactivo,2019-12-05
4430795078077692842,Scott Wood,Farmacéutico/a,ES,Valencia,Nocturno,Activo,2020-01-13
4440050186592127341,Gregory Madden,Enfermero/a,ES,Madrid,Nocturno,Activo,2024-07-18
4449860399775193252,Nicholas Wallace,Médico General,CO,Medellín,Diurno,Activo,2025-08-11
4450385412015572978,Donna Shaffer,Personal de Laboratorio,CO,Bucaramanga,Diurno,Activo,2025-05-30
4454600066265291601,Steven Taylor,Médico General,CO,Barranquilla,Administrativo,Activo,2021-12-18
4454731860560516882,Daniel Wells,Personal de TI / Soporte,CO,Ibagué,Tarde,Activo,2024-06-26
4456761472106679201,Mrs. Toni Avila,Médico General,CO,Bogotá,Tarde,Activo,2017-06-22
4463434751725796231,Thomas Perry,Médico Especialista,US,Los Ángeles,Tarde,Activo,2021-09-05
4464993325146014157,Nicole Taylor,Auxiliar de Enfermería,CO,Bogotá,Tarde,Activo,2018-05-09
4480611786936948590,Julian Williams,Auxiliar de Enfermería,CO,Barranquilla,Tarde,Activo,2024-02-11
4484670029744611458,Elizabeth Hansen,Auxiliar de Enfermería,CO,Barranquilla,Tarde,Activo,2020-11-06
4490851400787759104,Aaron Baker,Enfermero/a,CO,Cali,Nocturno,Activo,2025-04-13
4498568876208867642,Kaitlyn Valdez,Directivo / Gerencia,CO,Ibagué,Administrativo,Activo,2024-09-17
4498929339013925715,John Watts,Auxiliar de Enfermería,CO,Ibagué,Administrativo,Activo,2018-11-18
4502949462211311496,Donald Gamble,Enfermero/a,EC,Quito,Tarde,Activo,2017-04-12
4544854980560810384,Lauren Cunningham,Enfermero/a,CO,Barranquilla,Tarde,Activo,2024-06-29
4579820189760841593,Karen Benson,Médico Especialista,CO,Ibagué,Nocturno,Activo,2017-10-03
4581606082467060743,Laura Bruce,Auxiliar de Enfermería,CO,Medellín,Nocturno,Activo,2018-02-22
4585282915371263773,Francisco Johns,Médico General,CO,Ibagué,Tarde,Activo,2017-11-24
4623452140148084279,Dominic Barnes,Auxiliar de Enfermería,PE,Lima,Nocturno,Activo,2024-11-20
4627256294907664949,Dylan Moreno,Médico Especialista,CL,Concepción,Nocturno,Activo,2025-02-07
4633852480565903686,Pamela White,Directivo / Gerencia,PE,Cusco,Nocturno,Activo,2017-07-12
4639506226541753438,Kimberly Brennan,Enfermero/a,CO,Ibagué,Nocturno,Activo,2024-02-13
4644989630319240650,Elizabeth Jennings,Administrativo - RRHH,CO,Cali,Diurno,Activo,2022-11-15
4654333006444803148,Kevin Morrow,Enfermero/a,MX,Puebla,Tarde,Activo,2016-10-17
4658834754194786661,Jacqueline Washington,Médico Especialista,CO,Bucaramanga,Tarde,Inactivo,2019-09-28
4670118543712220002,Ashley Moore,Administrativo - Facturación,CO,Bogotá,Diurno,Inactivo,2018-09-01
4670950763917206144,Steven Austin,Farmacéutico/a,CO,Bogotá,Administrativo,Activo,2024-02-28
4687084520263268121,Kim Arnold,Personal de Laboratorio,CO,Barranquilla,Nocturno,Activo,2023-06-26
4687726845930665122,Joe Jones,Enfermero/a,AR,Córdoba,Diurno,Activo,2024-01-18
4687778058453600610,Karen Collins,Auxiliar de Enfermería,CO,Barranquilla,Nocturno,Activo,2019-12-10
4710946847530958791,Stacy Harper,Administrativo - Facturación,US,Los Ángeles,Nocturno,Activo,2023-07-20
4758691537626115269,Michael Johnson,Auxiliar de Enfermería,CO,Bogotá,Nocturno,Activo,2024-01-04
4761438772861628845,Scott Thomas,Enfermero/a,CO,Barranquilla,Tarde,Activo,2018-09-19
4766298708408146723,Carlos Miller,Farmacéutico/a,CO,Bucaramanga,Administrativo,Activo,2022-11-23
4768874292821846236,Angela Hampton,Farmacéutico/a,CO,Barranquilla,Tarde,Activo,2023-06-30
4770693049962234504,Brian Mcguire,Directivo / Gerencia,CO,Bogotá,Tarde,Activo,2021-04-19
4787205984637370875,Bryan King,Enfermero/a,CO,Bogotá,Diurno,Activo,2017-04-10
4793342323329809228,Nicole Patton,Enfermero/a,CO,Cali,Nocturno,Activo,2024-12-16
4800238176798814722,Steven Lopez,Administrativo - Facturación,PE,Cusco,Nocturno,Activo,2019-11-04
4809990452940384585,Ryan Mcmahon,Auxiliar de Enfermería,CO,Medellín,Tarde,Activo,2025-03-20
4814571188055167942,Christopher Mason,Personal de Laboratorio,CO,Bogotá,Tarde,Inactivo,2023-03-27
4816020123025534468,Kelly Garcia,Enfermero/a,CO,Medellín,Nocturno,Activo,2021-11-18
4817852599616823266,Daniel Lee,Médico General,ES,Valencia,Nocturno,Activo,2019-03-20
4817891478790550685,Kimberly Beltran,Personal de Laboratorio,CO,Ibagué,Diurno,Activo,2017-07-26
4835507403952090845,Jonathan Zimmerman,Médico Especialista,CO,Bucaramanga,Administrativo,Activo,2019-12-23
4849633478877767056,Jessica Rosario,Médico General,CO,Ibagué,Nocturno,Activo,2018-04-22
4856007174062145626,James Lewis,Auxiliar de Enfermería,CO,Ibagué,Administrativo,Activo,2018-09-22
4890800296113684691,William Martinez,Personal de Laboratorio,CO,Bucaramanga,Administrativo,Activo,2017-09-02
4900149713990302830,Philip Bush,Administrativo - RRHH,CO,Cali,Administrativo,Activo,2021-09-10
4906414871908534436,Garrett Wilson,Enfermero/a,EC,Guayaquil,Nocturno,Activo,2019-03-26
4914790994594732239,Emily Cherry,Médico Especialista,CO,Ibagué,Nocturno,Activo,2020-09-03
4915433629492962693,Donna Wyatt,Personal de TI / Soporte,CO,Ibagué,Diurno,Activo,2018-05-18
4920316975516739258,Ryan Alvarez,Médico General,CO,Cali,Tarde,Activo,2022-10-16
4924946594527455219,Zachary Vasquez,Médico General,CO,Barranquilla,Nocturno,Activo,2017-08-16
4943946022675194476,Matthew Miller,Enfermero/a,CO,Ibagué,Tarde,Activo,2017-12-20
4953444768940311847,Kevin Garcia,Auxiliar de Enfermería,CO,Ibagué,Administrativo,Activo,2025-01-02
4968743199134474245,Amy Hester,Administrativo - RRHH,CO,Barranquilla,Diurno,Activo,2019-09-23
4969850579861317355,Wanda Martinez,Personal de Laboratorio,CO,Bogotá,Tarde,Activo,2024-03-21
4985922113313541044,Diana Reeves,Farmacéutico/a,CO,Bucaramanga,Tarde,Activo,2021-11-30
5004137365507683180,Richard Schneider,Médico General,CL,Santiago,Tarde,Activo,2020-04-12
5015187374044222248,Larry Sullivan,Enfermero/a,CO,Bucaramanga,Diurno,Activo,2021-01-14
5019008224382629855,Randy Rodriguez,Enfermero/a,CO,Bucaramanga,Diurno,Activo,2018-12-08
5025669990948031057,Mark Taylor Jr.,Médico General,US,Los Ángeles,Nocturno,Activo,2017-02-25
5026035519103077582,Michael Stanton,Enfermero/a,ES,Barcelona,Tarde,Activo,2020-02-14
5028842981701658071,Brittany Howell,Enfermero/a,CO,Barranquilla,Diurno,Activo,2017-07-18
5039852212304732957,Paul Saunders,Médico Especialista,AR,Córdoba,Diurno,Activo,2023-10-24
5041872158270700424,Matthew Henry,Auxiliar de Enfermería,CO,Medellín,Tarde,Activo,2019-01-13
5043883145945345686,Scott Payne,Farmacéutico/a,CO,Barranquilla,Diurno,Activo,2025-04-02
5046207527905557768,Jeffrey Melendez,Médico Especialista,AR,Córdoba,Nocturno,Activo,2020-02-17
5053868047406894395,James Stevens,Auxiliar de Enfermería,MX,Puebla,Nocturno,Inactivo,2016-12-22
5053953363115837015,Shannon Turner,Personal de Laboratorio,CO,Barranquilla,Diurno,Activo,2023-01-12
5060060626297936366,Chad Baldwin MD,Personal de Laboratorio,CO,Barranquilla,Tarde,Activo,2017-08-30
5061499438914120426,Mary Jennings,Administrativo - Facturación,CO,Bucaramanga,Diurno,Activo,2021-10-29
5061585867301495951,Scott Hunter,Enfermero/a,CO,Bogotá,Diurno,Activo,2020-03-14
5069339987088785245,Wesley Jensen MD,Administrativo - Facturación,US,Houston,Administrativo,Inactivo,2025-06-23
5081120541466327157,Alfred Williams,Médico General,CO,Barranquilla,Tarde,Activo,2024-03-18
5093897273277375167,Patrick Johnson,Enfermero/a,CO,Cali,Administrativo,Activo,2024-09-12
5096806872912769727,Brent Reed,Médico General,CO,Bucaramanga,Diurno,Inactivo,2019-11-23
5101071796416748783,Matthew Wright,Enfermero/a,CO,Cali,Diurno,Activo,2022-07-06
5101914332728660260,Susan Jones,Enfermero/a,CO,Cali,Tarde,Activo,2019-06-04
5112587866011917360,Alejandro Nguyen,Médico General,EC,Quito,Tarde,Activo,2020-10-29
5117783629314804100,Laura Valenzuela,Personal de Laboratorio,CO,Bucaramanga,Administrativo,Activo,2019-01-29
5128452573302098167,Leah Odom,Enfermero/a,CO,Barranquilla,Diurno,Activo,2020-01-29
5132130347268772938,Kenneth Stokes,Enfermero/a,CO,Bogotá,Administrativo,Activo,2017-07-30
5134419357863184504,Gabriella Shaw,Médico Especialista,CO,Bogotá,Administrativo,Activo,2023-07-25
5135926393472575980,Lucas Cox,Enfermero/a,CO,Bogotá,Tarde,Activo,2020-08-08
5139118990022279075,Ryan Cobb PhD,Enfermero/a,CO,Bogotá,Diurno,Activo,2021-07-02
5143541310487274791,Anthony Davies,Enfermero/a,CO,Barranquilla,Tarde,Activo,2020-04-18
5153498551883519435,Patrick Davis,Médico General,CO,Bogotá,Diurno,Activo,2024-04-10
5153617141246255860,George Jones,Personal de Laboratorio,PE,Cusco,Nocturno,Activo,2023-11-21
5160012637157031253,Daniel Flynn,Personal de TI / Soporte,CO,Bucaramanga,Tarde,Activo,2022-07-17
5161934907400606400,Robert Reynolds,Auxiliar de Enfermería,CO,Cali,Administrativo,Activo,2021-07-15
5162123262437548306,James Weber,Farmacéutico/a,CO,Medellín,Nocturno,Activo,2020-10-03
5173824865765960556,Catherine Smith,Administrativo - RRHH,CO,Ibagué,Tarde,Activo,2023-01-03
5177383981467350759,Laura Lewis,Directivo / Gerencia,CL,Santiago,Nocturno,Activo,2025-05-03
5193645575736523929,Julie Giles,Auxiliar de Enfermería,CO,Ibagué,Tarde,Activo,2021-06-22
5207708654753086718,Patricia Hamilton,Administrativo - RRHH,CO,Ibagué,Administrativo,Activo,2021-10-09
5209732236327092875,Kelly Diaz,Personal de TI / Soporte,CO,Ibagué,Diurno,Activo,2018-01-03
5213255972756585417,Michael Evans,Personal de Laboratorio,CL,Valparaíso,Administrativo,Activo,2020-08-06
5222668878562077597,Ronald Brown,Enfermero/a,CO,Bucaramanga,Nocturno,Activo,2018-07-06
5245901936202245891,Rodney Lucas,Médico Especialista,CO,Bogotá,Administrativo,Activo,2018-12-26
5284832294171447596,Jennifer Wilson,Médico Especialista,CO,Barranquilla,Tarde,Activo,2018-05-28
5296607102499508052,Ronald Marshall,Enfermero/a,CO,Cali,Nocturno,Activo,2021-09-19
5305349176162921687,Matthew Johnson,Auxiliar de Enfermería,PE,Cusco,Diurno,Inactivo,2018-02-10
5310094191040864162,David Lara,Enfermero/a,CO,Barranquilla,Nocturno,Activo,2022-08-10
5312533234847665245,Samuel Stuart,Auxiliar de Enfermería,CO,Bucaramanga,Diurno,Inactivo,2021-01-18
5318779647223963451,Scott Miller,Auxiliar de Enfermería,CO,Bogotá,Diurno,Activo,2022-02-03
5331403461713385389,Stephanie Russell,Administrativo - Facturación,AR,Córdoba,Tarde,Activo,2019-12-13
5342463712363851926,Ann Hahn,Médico Especialista,CO,Ibagué,Diurno,Activo,2023-03-13
5360534440357415447,Brian Navarro,Médico General,CO,Cali,Tarde,Inactivo,2025-01-27
5362590705034004704,Sandra Herring,Personal de Laboratorio,EC,Guayaquil,Nocturno,Activo,2025-01-23
5367302703509831081,Stephen Young,Administrativo - Facturación,CO,Bogotá,Diurno,Activo,2017-10-11
5374441115329322920,Erin Silva,Directivo / Gerencia,AR,Rosario,Nocturno,Activo,2020-03-09
5380855572002333200,Cynthia Henderson,Administrativo - RRHH,MX,Guadalajara,Diurno,Activo,2017-12-23
5385353061085086391,Wayne Gonzales,Administrativo - RRHH,CO,Medellín,Nocturno,Activo,2018-12-19
5427756669099349126,Katherine Brooks,Enfermero/a,CO,Bucaramanga,Nocturno,Activo,2025-03-20
5442853560519803949,Jeff Vega,Enfermero/a,CO,Barranquilla,Tarde,Activo,2025-05-07
5444391683043775678,Taylor Cox,Enfermero/a,CO,Medellín,Nocturno,Activo,2023-02-13
5456108831066236697,Alisha Rasmussen,Auxiliar de Enfermería,CO,Bogotá,Administrativo,Activo,2022-02-17
5456884400625069352,Mary Everett,Personal de TI / Soporte,US,Houston,Nocturno,Activo,2022-11-23
5461904091838956343,Cynthia Tran,Enfermero/a,CO,Ibagué,Tarde,Activo,2019-06-18
5467925616478674781,Heidi Burnett,Auxiliar de Enfermería,CO,Cali,Tarde,Inactivo,2017-10-11
5476573187671898507,Shannon Price,Enfermero/a,CO,Bogotá,Nocturno,Activo,2024-11-12
5480673277858934888,William Scott,Médico General,CO,Cali,Diurno,Activo,2017-06-28
5483061957889865085,Cynthia Clark,Médico General,CO,Ibagué,Nocturno,Activo,2024-09-09
5488954587912630420,Lynn Suarez,Médico Especialista,ES,Barcelona,Diurno,Activo,2023-07-31
5492761760210301306,Andrew Delacruz,Personal de TI / Soporte,CO,Barranquilla,Nocturno,Activo,2024-02-01
5492911495246752051,Kaitlin Gutierrez,Enfermero/a,CO,Ibagué,Diurno,Activo,2024-03-31
5496717296546864056,Sherri Wilkins,Administrativo - Facturación,CO,Ibagué,Diurno,Activo,2024-02-05
5503873746490680808,Katie Bell,Farmacéutico/a,CO,Ibagué,Administrativo,Activo,2022-02-05
5506037544442999100,Nancy Chavez,Médico General,CL,Concepción,Administrativo,Activo,2016-12-03
5510341371943159869,Martin Mccoy,Médico General,CO,Bucaramanga,Administrativo,Activo,2023-10-19
5513052439442297131,James Fuller,Administrativo - Facturación,CO,Ibagué,Administrativo,Activo,2019-07-03
5514146552632979910,Christopher Black,Enfermero/a,CO,Bogotá,Tarde,Activo,2025-05-28
5515842867458792185,Pamela Bradford,Personal de TI / Soporte,CO,Ibagué,Diurno,Inactivo,2022-11-07
5527256195044970680,Emma Mendoza,Médico Especialista,CO,Bucaramanga,Diurno,Inactivo,2023-04-18
5535061293275876844,Michael Serrano,Farmacéutico/a,PE,Cusco,Tarde,Activo,2023-11-16
5542517061449825725,Jason White,Administrativo - Facturación,CL,Valparaíso,Diurno,Activo,2024-07-25
5554427212732672125,Stacey Walker,Médico General,CO,Bogotá,Administrativo,Activo,2025-03-18
5567305977541394999,Maria Sims,Enfermero/a,CO,Medellín,Diurno,Inactivo,2024-11-02
5568899457484003249,Christina Haynes,Directivo / Gerencia,CO,Cali,Diurno,Activo,2018-03-13
5612215196136712962,Jeffrey Green,Enfermero/a,CO,Bucaramanga,Diurno,Activo,2017-06-24
5626129633641571479,Travis Wilson,Enfermero/a,CO,Cali,Diurno,Activo,2023-02-22
5629002446393000405,Thomas Chavez,Enfermero/a,CO,Cali,Diurno,Activo,2022-09-28
5638286541822608397,Micheal Lee,Médico General,CO,Cali,Nocturno,Activo,2024-06-08
5660489281659171252,Donna Snyder,Personal de Laboratorio,CO,Bogotá,Diurno,Activo,2017-11-06
5661677367995093397,Lindsay Carney,Personal de Laboratorio,CO,Medellín,Nocturno,Activo,2019-03-24
5710523265613997163,Jennifer Ortiz,Enfermero/a,CO,Medellín,Administrativo,Activo,2017-12-28
5738416581368400732,Dennis Williamson,Administrativo - Facturación,CO,Ibagué,Nocturno,Activo,2024-11-04
5764254463469423707,Michael Ellis,Médico General,CO,Bucaramanga,Nocturno,Activo,2016-10-08
5765744772382528444,Frank Steele,Médico Especialista,CO,Barranquilla,Tarde,Activo,2022-11-10
5777937626363281644,Michelle Fitzgerald,Auxiliar de Enfermería,AR,Buenos Aires,Diurno,Activo,2018-12-26
5798330671789236162,Anthony Cook,Directivo / Gerencia,CO,Medellín,Diurno,Activo,2018-10-16
5807314463293209569,Yesenia Crosby,Médico Especialista,CO,Bucaramanga,Administrativo,Activo,2025-05-20
5821698371739284324,Nicole Williams,Médico General,CO,Bucaramanga,Nocturno,Activo,2018-12-17
5823555036646775121,Elizabeth Foster,Auxiliar de Enfermería,CO,Bogotá,Diurno,Activo,2020-01-07
5825376841676484478,Kristin Carpenter,Administrativo - Facturación,CO,Bogotá,Tarde,Activo,2019-01-08
5844624333216063824,Tara Humphrey,Médico Especialista,CO,Bucaramanga,Nocturno,Activo,2017-11-12
5860620416405828134,Joseph Thomas,Enfermero/a,CO,Ibagué,Nocturno,Activo,2017-09-24
5870451731851514186,Carl Savage,Personal de Laboratorio,CO,Medellín,Tarde,Activo,2024-03-11
5878154125119543950,Tammy Campbell,Enfermero/a,MX,Puebla,Administrativo,Inactivo,2024-07-27
5880896544232939920,Pam Baker,Médico General,MX,Puebla,Nocturno,Activo,2019-06-30
5885277640752358694,Emily Vang,Médico General,CO,Barranquilla,Nocturno,Activo,2023-07-21
5889251997599520304,Samuel Sandoval,Enfermero/a,CO,Cali,Diurno,Activo,2023-11-11
5890909920730789994,Charles Hall,Enfermero/a,CO,Medellín,Diurno,Activo,2016-12-31
5894494747232152680,Michael Graham,Administrativo - RRHH,CO,Cali,Administrativo,Activo,2025-08-20
5904048086624944450,Amanda Kelly,Farmacéutico/a,CO,Cali,Tarde,Activo,2023-01-22
5910911926772490984,Mr. Ryan Camacho,Farmacéutico/a,CO,Bucaramanga,Tarde,Activo,2017-10-16
5914488551386414121,Sean White,Directivo / Gerencia,CO,Cali,Tarde,Activo,2018-03-12
5941940108793698487,Denise Macdonald,Enfermero/a,CO,Ibagué,Diurno,Activo,2021-12-13
5943719112432205747,Valerie Fox,Enfermero/a,CO,Ibagué,Nocturno,Activo,2021-10-25
5953212865859714821,Billy Tate,Personal de TI / Soporte,CO,Bogotá,Diurno,Inactivo,2022-10-08
5959283065713811955,Allison Maldonado,Médico General,CO,Bogotá,Nocturno,Activo,2022-10-21
5965234764692609227,Kevin Bean,Personal de Laboratorio,CO,Medellín,Tarde,Activo,2024-03-18
5976687382201211844,Brad Rivas,Personal de Laboratorio,CO,Medellín,Diurno,Activo,2022-08-12
5982204904488821240,Tyler Wheeler,Médico Especialista,ES,Madrid,Diurno,Activo,2016-09-24
5984308878371983096,Mary Tapia,Enfermero/a,ES,Madrid,Nocturno,Activo,2019-08-08
5986742791445032352,Morgan Bernard,Médico General,CO,Cali,Diurno,Activo,2021-10-19
5990960598661222188,Anthony Schneider,Médico General,CO,Barranquilla,Diurno,Activo,2019-08-03
5991742107994142776,Benjamin Crane,Enfermero/a,CO,Bucaramanga,Nocturno,Activo,2020-02-10
6007891624317434404,Christopher Hanna,Enfermero/a,CO,Barranquilla,Tarde,Activo,2024-06-19
6041274994364604895,Samuel Martin,Personal de Laboratorio,CO,Barranquilla,Tarde,Activo,2023-09-11
6047482616589487025,Paul Valdez,Personal de TI / Soporte,CO,Ibagué,Diurno,Activo,2017-10-06
6050419099741509541,Jeffrey Drake MD,Administrativo - Facturación,CO,Barranquilla,Administrativo,Activo,2022-11-04
6075102866696686573,Max Collier,Enfermero/a,PE,Arequipa,Diurno,Activo,2021-04-17
6108717617053810813,Stephen Alvarez MD,Enfermero/a,CO,Cali,Diurno,Activo,2020-06-26
6110547738639800900,Rita Austin,Médico General,CO,Medellín,Diurno,Activo,2020-08-01
6122439136732365739,Andrew Peterson,Médico Especialista,CO,Ibagué,Diurno,Activo,2020-11-06
6124599432935453223,Michael Moore,Personal de TI / Soporte,CO,Bogotá,Diurno,Activo,2021-02-19
6135796930820059218,Kelly Roberts,Enfermero/a,CO,Cali,Diurno,Activo,2020-08-12
6147488489685800395,Karen Hernandez,Médico General,CL,Valparaíso,Diurno,Activo,2017-10-30
6147543193967175966,Sarah Mills,Administrativo - Facturación,ES,Madrid,Tarde,Activo,2019-05-04
6148899923985619227,Billy Williams,Enfermero/a,CO,Cali,Administrativo,Activo,2017-08-24
6161674077305184960,Brandon Guerrero,Médico Especialista,MX,Puebla,Diurno,Activo,2021-10-17
6167910012482810100,David Miller,Médico General,CO,Ibagué,Diurno,Activo,2021-03-17
6171584243124033692,Matthew White,Auxiliar de Enfermería,CO,Bucaramanga,Administrativo,Inactivo,2018-04-26
6183101971754197535,Bradley Mcdowell,Personal de Laboratorio,CO,Cali,Administrativo,Activo,2019-05-11
6183296779973553466,Jordan Santiago,Médico General,CO,Bogotá,Nocturno,Inactivo,2022-04-17
6185265967282028394,Vincent Savage,Personal de TI / Soporte,CO,Medellín,Diurno,Activo,2018-05-13
6192675916506294685,Paul Munoz,Administrativo - Facturación,CO,Barranquilla,Tarde,Activo,2024-07-10
6215022581968084801,Joseph Smith,Administrativo - Facturación,CO,Ibagué,Diurno,Activo,2017-09-23
6223080216246891284,John Holt,Médico General,PE,Lima,Diurno,Activo,2024-06-30
6231159875822301880,Lindsay Tucker,Médico Especialista,CO,Bogotá,Tarde,Activo,2022-03-31
6232270954670348745,Heather Nunez,Administrativo - RRHH,AR,Buenos Aires,Tarde,Activo,2022-11-21
6240739768547986272,Eric Martinez,Enfermero/a,CO,Cali,Tarde,Inactivo,2016-10-20
6255764330988719967,Alan Waller,Auxiliar de Enfermería,AR,Buenos Aires,Nocturno,Activo,2024-05-29
6258798130021699822,Matthew Santos,Personal de Laboratorio,CO,Medellín,Diurno,Inactivo,2020-08-07
6261284736945258485,Rachel Lee,Médico Especialista,CO,Cali,Diurno,Activo,2019-05-22
6263270895575367672,John Johnson,Personal de Laboratorio,CO,Cali,Nocturno,Activo,2018-03-04
6269466844685623335,Michael Maynard,Personal de TI / Soporte,PE,Arequipa,Administrativo,Activo,2020-12-02
6270936794069100232,Lauren Harris,Personal de Laboratorio,CO,Bogotá,Diurno,Activo,2021-10-20
6274895871108110973,Amber Smith,Enfermero/a,CO,Bogotá,Tarde,Inactivo,2022-05-09
6286565956102304091,Veronica Allison,Administrativo - RRHH,MX,Puebla,Diurno,Activo,2023-04-24
6287540885112145048,Kristen Roberts,Auxiliar de Enfermería,CO,Bucaramanga,Diurno,Inactivo,2021-01-24
6291149044157486329,Mr. Logan Gregory,Personal de Laboratorio,AR,Córdoba,Nocturno,Inactivo,2024-01-11
6308643874094081622,Miguel Rice MD,Administrativo - Facturación,CO,Medellín,Diurno,Activo,2019-07-10
6316090675747493994,Steven Butler,Personal de Laboratorio,CO,Medellín,Tarde,Activo,2020-12-08
6338157040432685864,Todd Reed DDS,Enfermero/a,CO,Barranquilla,Tarde,Activo,2016-11-12
6349000697105477899,Corey Cooper,Médico Especialista,CO,Ibagué,Diurno,Activo,2018-10-07
6349798974897746297,Terry Morgan,Médico General,CO,Bucaramanga,Diurno,Activo,2022-02-05
6354936826237005650,Mary Anderson,Auxiliar de Enfermería,CO,Medellín,Diurno,Activo,2019-04-27
6359888054674582805,Toni Whitaker,Auxiliar de Enfermería,CO,Ibagué,Administrativo,Activo,2022-09-26
6363553784762528067,Rebecca Marsh,Auxiliar de Enfermería,MX,Monterrey,Nocturno,Activo,2024-04-11
6371314297458308001,Diane Curry,Enfermero/a,PE,Lima,Tarde,Activo,2022-09-06
6379583411845046404,Curtis Obrien,Personal de Laboratorio,CO,Barranquilla,Diurno,Activo,2017-08-02
6384542682630308174,Xavier Torres,Personal de TI / Soporte,CO,Bucaramanga,Nocturno,Activo,2018-07-25
6384595580400452068,Albert Ibarra,Médico General,CO,Bogotá,Diurno,Activo,2019-11-22
6388209872665936727,Ronald Kline,Personal de Laboratorio,AR,Córdoba,Tarde,Activo,2016-12-19
6389937855652867217,Jeffrey Williamson,Farmacéutico/a,MX,Ciudad de México,Nocturno,Activo,2017-10-06
6392642166969572638,David Peterson,Auxiliar de Enfermería,CO,Barranquilla,Tarde,Activo,2019-11-16
6401266619059457664,Shawn Adams,Médico General,CO,Bogotá,Diurno,Activo,2018-01-14
6411135840795574350,Kaylee Caldwell,Personal de Laboratorio,PE,Arequipa,Diurno,Activo,2023-01-13
6411337093567563398,Jessica Bryant,Directivo / Gerencia,AR,Rosario,Diurno,Activo,2024-04-02
6418631697448817524,Brian Bishop,Personal de Laboratorio,CO,Barranquilla,Tarde,Activo,2023-09-19
6423916633543575112,Samantha Williams,Personal de TI / Soporte,ES,Sevilla,Administrativo,Activo,2017-08-17
6426175986725924318,Shelby Bartlett,Directivo / Gerencia,CO,Bucaramanga,Diurno,Activo,2018-02-03
6437964831378756624,Jeremy Hunter,Enfermero/a,CO,Bucaramanga,Tarde,Activo,2023-04-09
6438642199201205341,Matthew Cook,Auxiliar de Enfermería,MX,Puebla,Nocturno,Activo,2017-12-01
6441255597369562002,Jessica Perry,Enfermero/a,CO,Cali,Diurno,Activo,2023-08-07
6449675673133871638,Robert Peterson,Directivo / Gerencia,CO,Bogotá,Diurno,Activo,2021-03-23
6450481213051928509,Jaime Fischer,Médico Especialista,PE,Arequipa,Diurno,Activo,2019-12-04
6457404545976392063,Brittany Molina,Enfermero/a,AR,Buenos Aires,Nocturno,Activo,2020-06-22
6459370126352729844,Robert Gutierrez,Administrativo - RRHH,CO,Cali,Tarde,Activo,2020-05-12
6474025932458818295,Samuel Norton,Enfermero/a,CO,Medellín,Nocturno,Activo,2019-12-08
6474044916170560120,Charles Smith,Personal de Laboratorio,MX,Puebla,Administrativo,Activo,2023-12-08
6482995263541583349,Angela Edwards,Enfermero/a,CO,Bucaramanga,Nocturno,Activo,2025-07-07
6483357321576261403,Antonio Malone,Directivo / Gerencia,EC,Guayaquil,Administrativo,Activo,2022-08-14
6492705224652202657,Stephanie Brown,Administrativo - RRHH,CO,Bogotá,Nocturno,Activo,2022-05-13
6496587653539203448,Mary Meyer,Enfermero/a,CO,Barranquilla,Administrativo,Activo,2019-05-05
6507118612350430519,Michael Spencer,Personal de Laboratorio,CO,Bogotá,Nocturno,Activo,2019-06-02
6524245665836667712,Susan Smith,Enfermero/a,ES,Barcelona,Nocturno,Activo,2019-03-13
6541017373552368867,Tami Graves,Auxiliar de Enfermería,EC,Guayaquil,Nocturno,Activo,2020-09-10
6548147679579047031,Joshua Kramer,Farmacéutico/a,CO,Ibagué,Administrativo,Activo,2022-07-19
6571652393323447655,Stacy Harrington,Administrativo - Facturación,CO,Barranquilla,Tarde,Activo,2020-04-26
6579525504279805158,Eric Johnson,Médico Especialista,MX,Ciudad de México,Nocturno,Activo,2019-09-09
6595528343118570283,Natalie Martinez,Médico General,CO,Barranquilla,Tarde,Activo,2025-08-09
6599313642715139096,Brandon Arnold,Farmacéutico/a,CO,Cali,Administrativo,Activo,2021-05-15
6607041238992351096,Caitlin Johnson,Auxiliar de Enfermería,PE,Cusco,Tarde,Activo,2023-11-06
6638647232003036393,Daisy Schroeder,Auxiliar de Enfermería,ES,Valencia,Nocturno,Activo,2023-03-21
6639481079710834697,Mrs. Amy Watson,Médico Especialista,PE,Lima,Nocturno,Activo,2022-04-27
6644538355362196370,Anthony Curtis,Enfermero/a,CO,Cali,Administrativo,Activo,2017-10-20
6646201195978670936,Norman Chavez,Administrativo - RRHH,CO,Medellín,Diurno,Activo,2025-07-10
6647990587291882020,Virginia Cunningham,Médico Especialista,PE,Lima,Nocturno,Activo,2024-09-22
6659528085725253567,Kim Larson,Enfermero/a,CO,Ibagué,Nocturno,Activo,2019-10-31
6672484644424241447,Richard Espinoza,Personal de TI / Soporte,CO,Bucaramanga,Administrativo,Activo,2022-09-24
6677647142505279552,Kelly Wright,Médico Especialista,PE,Lima,Administrativo,Activo,2019-08-18
6698446298723923041,Samantha Ward,Personal de Laboratorio,CO,Ibagué,Tarde,Activo,2017-07-24
6700102100668596079,Sandra Miller,Enfermero/a,PE,Cusco,Tarde,Activo,2017-03-28
6711848545572642424,Karen Griffin,Administrativo - RRHH,CO,Medellín,Diurno,Activo,2020-01-01
6721530111319695285,Leah Stone,Personal de Laboratorio,US,Houston,Administrativo,Activo,2020-03-25
6765957349707210664,Jonathan Henderson,Administrativo - RRHH,CO,Cali,Diurno,Activo,2020-08-21
6778210238413353435,Katherine Mcpherson,Médico General,CO,Bucaramanga,Nocturno,Activo,2024-02-03
6787593221941679608,Cameron Dawson,Auxiliar de Enfermería,CL,Concepción,Nocturno,Activo,2017-11-04
6847739732680311987,Sharon Wilson,Personal de Laboratorio,CO,Medellín,Tarde,Activo,2018-08-04
6850619481042442558,Paul Raymond,Médico General,CO,Medellín,Diurno,Activo,2020-01-01
6861370117843456901,Lindsay Ortiz,Médico General,CO,Bogotá,Diurno,Activo,2017-10-07
6867128396716526913,Amanda Hernandez,Médico Especialista,ES,Barcelona,Administrativo,Activo,2020-01-09
6889351965310412102,Elizabeth Tucker PhD,Personal de TI / Soporte,PE,Arequipa,Tarde,Activo,2017-12-16
6905358357268072079,Amber Shannon,Farmacéutico/a,CO,Medellín,Diurno,Activo,2024-09-05
6906336916791130270,Robert Burns,Auxiliar de Enfermería,CO,Medellín,Nocturno,Activo,2017-10-12
6909740233895646499,Seth Butler,Personal de Laboratorio,CO,Ibagué,Diurno,Activo,2021-11-01
6926064768461903833,Stephanie Harrington,Auxiliar de Enfermería,US,Miami,Administrativo,Activo,2020-12-15
6940674759971648015,Lisa Gill,Enfermero/a,US,Los Ángeles,Diurno,Activo,2021-03-22
6960721146678836729,Jerry Cole,Enfermero/a,US,Miami,Diurno,Activo,2024-06-22
6961740946084116595,Robert Beck,Farmacéutico/a,CO,Medellín,Diurno,Activo,2020-05-13
6975199246213173231,James Weaver,Médico General,CO,Bucaramanga,Tarde,Activo,2025-04-20
6983265865670936663,Nancy Brewer,Administrativo - RRHH,MX,Puebla,Tarde,Activo,2024-06-21
6985335232154564987,Laura Hogan,Administrativo - Facturación,MX,Puebla,Nocturno,Activo,2023-01-17
6990654352496267389,Becky Hansen,Enfermero/a,CO,Ibagué,Tarde,Activo,2018-05-30
6991839293932965036,Laura Brown,Auxiliar de Enfermería,CO,Ibagué,Diurno,Activo,2021-10-23
6991904772622815832,John Prince,Médico Especialista,CO,Barranquilla,Diurno,Activo,2017-10-05
6993895427089792261,Catherine Smith,Directivo / Gerencia,CO,Bucaramanga,Diurno,Activo,2023-10-05
7019580838974574303,Michael Clay,Personal de TI / Soporte,CO,Ibagué,Administrativo,Activo,2020-09-04
7045589741468549624,Lisa Morales,Personal de TI / Soporte,CO,Bucaramanga,Diurno,Activo,2017-01-30
7053777332981784078,Allison Kim,Enfermero/a,CO,Bucaramanga,Administrativo,Activo,2020-05-30
7065982227432327970,Emily Scott,Médico General,CL,Concepción,Diurno,Inactivo,2017-09-16
7068853880293826922,Christopher Thomas,Médico General,MX,Monterrey,Diurno,Activo,2018-12-24
7076876779342920310,Eric Russell,Médico Especialista,CL,Concepción,Diurno,Activo,2018-03-15
7078603416767278000,Erika Johnson,Médico Especialista,CO,Cali,Diurno,Activo,2017-03-16
7081830198190048740,Francisco Gutierrez,Médico Especialista,CO,Medellín,Nocturno,Activo,2019-08-06
7089859689457969946,Ronald Martinez,Directivo / Gerencia,CO,Barranquilla,Tarde,Activo,2018-07-02
7097426343206037156,Laurie Vasquez,Médico Especialista,CO,Bogotá,Diurno,Activo,2023-06-14
7112679240963616459,Brian Brown,Médico Especialista,CO,Barranquilla,Nocturno,Inactivo,2020-11-10
7132389125639288728,John Russell,Administrativo - Facturación,MX,Puebla,Nocturno,Activo,2018-10-13
7133387148214262857,Debra Richmond,Auxiliar de Enfermería,ES,Valencia,Administrativo,Activo,2022-10-03
7154614983631609485,Justin Glover,Personal de Laboratorio,PE,Arequipa,Administrativo,Activo,2019-06-03
7155536692096777595,Bradley Fields,Auxiliar de Enfermería,CO,Ibagué,Nocturno,Activo,2018-07-05
7159312804293734332,Jacqueline Galloway,Administrativo - RRHH,CO,Bogotá,Nocturno,Inactivo,2023-09-19
7163369931706652304,Jessica Buck,Auxiliar de Enfermería,CO,Cali,Nocturno,Activo,2020-09-28
7164161516879616319,John Calderon,Auxiliar de Enfermería,CO,Ibagué,Tarde,Activo,2019-04-13
7170415481443105060,April Mahoney,Farmacéutico/a,CO,Bogotá,Nocturno,Activo,2021-01-06
7216948178077015944,Sara James,Enfermero/a,CO,Cali,Diurno,Activo,2019-11-04
7221615762028661785,Lauren Dixon,Enfermero/a,MX,Puebla,Nocturno,Activo,2017-02-01
7235928920821536573,Kristine Turner,Enfermero/a,CO,Barranquilla,Administrativo,Activo,2020-03-27
7238386805650370041,Charles Hawkins,Médico General,EC,Quito,Diurno,Activo,2019-03-12
7266326708578538509,Leroy Bernard,Personal de Laboratorio,EC,Quito,Nocturno,Activo,2019-07-18
7273032708024557406,Grace Green,Enfermero/a,CO,Cali,Administrativo,Activo,2023-06-15
7284716015365430118,David Bird,Médico General,AR,Córdoba,Diurno,Activo,2019-10-02
7296615490053163617,Kyle Smith,Médico General,CO,Bogotá,Tarde,Activo,2022-11-27
7302282225077364321,April Alvarez,Administrativo - Facturación,MX,Ciudad de México,Administrativo,Inactivo,2024-10-16
7302767879482648018,Jennifer Woodard,Enfermero/a,PE,Cusco,Administrativo,Activo,2023-01-03
7303093637146133617,Kimberly Cobb,Farmacéutico/a,ES,Sevilla,Diurno,Activo,2022-07-09
7304802413673867651,Andre Collier,Administrativo - Facturación,ES,Sevilla,Diurno,Activo,2022-09-21
7330783291725329025,Heather Hess,Médico Especialista,CO,Ibagué,Nocturno,Activo,2024-02-15
7344560241005200116,Christopher Tate,Personal de Laboratorio,ES,Madrid,Diurno,Activo,2022-12-14
7366785965393675018,Joel Mayer,Enfermero/a,CO,Barranquilla,Diurno,Activo,2020-09-05
7370333640170275691,Alejandro Campbell,Médico General,CO,Ibagué,Diurno,Activo,2024-12-20
7371488172799345823,Brandon Austin,Farmacéutico/a,CO,Bucaramanga,Diurno,Activo,2019-05-29
7377921323560441338,Cynthia Snyder,Personal de TI / Soporte,MX,Guadalajara,Tarde,Activo,2019-12-12
7398578921311307488,Tanner Mann,Enfermero/a,CO,Cali,Nocturno,Activo,2018-07-24
7430062606567878838,Roberto Foster,Auxiliar de Enfermería,CO,Ibagué,Nocturno,Activo,2024-07-04
7431365049419204560,Kathleen Arnold,Enfermero/a,PE,Arequipa,Nocturno,Activo,2022-08-13
7446383592856826768,Melanie Cunningham,Auxiliar de Enfermería,CO,Ibagué,Tarde,Activo,2017-04-07
7457717722523971249,Austin Green,Auxiliar de Enfermería,CO,Medellín,Diurno,Activo,2021-10-22
7467279989862382668,Joseph Casey,Auxiliar de Enfermería,CO,Bogotá,Diurno,Activo,2018-05-28
7477076155539455411,Wendy Steele,Auxiliar de Enfermería,CO,Barranquilla,Diurno,Activo,2021-06-22
7490279754992021443,Justin Gibson,Médico Especialista,MX,Ciudad de México,Diurno,Activo,2025-02-12
7512741049079175607,Terri Williams,Farmacéutico/a,CO,Cali,Diurno,Activo,2025-02-15
7515241045504860469,Zachary Hill,Farmacéutico/a,CO,Bucaramanga,Diurno,Activo,2022-10-19
7521003533423778769,Isaiah Blake,Farmacéutico/a,MX,Ciudad de México,Diurno,Activo,2024-08-19
7527272129269208526,Donald Fisher,Médico Especialista,CO,Ibagué,Nocturno,Activo,2020-09-19
7531932364274889118,Cory Miller,Enfermero/a,AR,Rosario,Nocturno,Activo,2021-10-28
7551611903049233092,Omar Spence,Enfermero/a,CO,Medellín,Administrativo,Inactivo,2020-06-29
7582829681893144546,David Martin,Médico Especialista,MX,Ciudad de México,Nocturno,Activo,2019-06-23
7592626383646157316,Anne Castillo,Médico General,CO,Medellín,Tarde,Activo,2023-12-14
7597695810348884957,Lori Cook,Enfermero/a,CO,Bucaramanga,Diurno,Activo,2018-12-07
7599263903409549304,David Peterson,Personal de Laboratorio,CO,Barranquilla,Tarde,Activo,2017-03-02
7602451162833572808,Robert Harding,Médico General,CO,Barranquilla,Diurno,Activo,2023-08-29
7605457196327852051,Pamela Garrett,Administrativo - Facturación,CO,Ibagué,Tarde,Activo,2021-11-20
7616458473430969436,Antonio Johnson,Auxiliar de Enfermería,ES,Barcelona,Tarde,Activo,2019-07-01
7620091943085629144,Ana Anderson,Personal de Laboratorio,CO,Cali,Tarde,Activo,2024-12-13
7621954048786894732,Eric Sims,Enfermero/a,CO,Cali,Diurno,Activo,2017-04-09
7639719177175406571,Kristin Phillips,Auxiliar de Enfermería,CO,Cali,Nocturno,Inactivo,2020-02-10
7656698059918229440,Paul Hall,Auxiliar de Enfermería,CO,Barranquilla,Nocturno,Activo,2022-01-27
7657553113144642355,Alexandra Reyes,Personal de TI / Soporte,CO,Barranquilla,Nocturno,Activo,2023-11-01
7658919269177005179,Lisa Morgan,Auxiliar de Enfermería,AR,Córdoba,Nocturno,Activo,2025-02-11
7667910295126056228,Jordan Murphy,Auxiliar de Enfermería,MX,Ciudad de México,Tarde,Activo,2018-05-30
7669695315242471330,Kurt Jones,Auxiliar de Enfermería,CO,Bucaramanga,Diurno,Activo,2023-10-13
7674029852168779697,Kenneth Walsh,Personal de Laboratorio,CO,Bucaramanga,Nocturno,Inactivo,2018-12-26
7677014365267786267,Nathaniel Wallace,Médico Especialista,CO,Cali,Tarde,Activo,2018-11-13
7683576674873242885,Amy Collins,Auxiliar de Enfermería,CO,Bogotá,Diurno,Activo,2020-08-07
7684007986159982911,Nicole Collins,Auxiliar de Enfermería,CO,Cali,Diurno,Activo,2024-08-23
7685978988815756467,Brittany Parker,Personal de TI / Soporte,CO,Bogotá,Administrativo,Activo,2019-10-07
7687059903225590489,Adam Willis,Auxiliar de Enfermería,ES,Sevilla,Nocturno,Activo,2022-10-13
7690347903059903728,Jonathon Conley,Enfermero/a,CO,Cali,Tarde,Inactivo,2024-05-28
7703085759057407216,Craig Gonzalez,Directivo / Gerencia,CO,Cali,Nocturno,Activo,2024-11-08
7719003626267182591,Gloria Contreras,Enfermero/a,CO,Bucaramanga,Tarde,Activo,2022-12-06
7719070409998054829,Ms. Erin Lane,Médico General,CO,Bucaramanga,Tarde,Activo,2025-05-06
7724139585093574432,Jennifer Martin,Médico General,CO,Ibagué,Diurno,Activo,2020-10-07
7737386652728133255,Amanda Robinson,Médico Especialista,CO,Medellín,Tarde,Activo,2016-09-17
7740316890053885277,David Hanson,Médico Especialista,PE,Arequipa,Nocturno,Activo,2018-10-30
7761162765655284019,Tiffany Rivera,Enfermero/a,CO,Bogotá,Diurno,Activo,2023-05-04
7765925776578350534,Clinton Fritz,Personal de Laboratorio,CO,Ibagué,Nocturno,Activo,2019-12-11
7767200432973852949,Alvin Wilson,Personal de Laboratorio,CO,Bucaramanga,Diurno,Activo,2019-04-18
7785888636099076213,Kevin Cannon,Médico Especialista,CO,Medellín,Nocturno,Activo,2017-01-27
7790989022931971509,Craig Thompson,Auxiliar de Enfermería,CO,Cali,Nocturno,Activo,2024-08-24
7798259561382022171,Gina Spencer,Médico General,CO,Cali,Nocturno,Activo,2018-04-14
7808757519692194429,Ryan Lozano,Personal de TI / Soporte,CO,Bucaramanga,Nocturno,Activo,2016-11-13
7817497336900027475,Jamie Cobb,Médico General,CO,Bucaramanga,Administrativo,Activo,2017-09-04
7831638329582104093,Elizabeth Allen,Auxiliar de Enfermería,PE,Cusco,Tarde,Activo,2023-12-18
7831837200043615194,Teresa Rowland,Enfermero/a,US,Houston,Nocturno,Activo,2025-08-28
7837947351070962456,Sherry Jones,Farmacéutico/a,CO,Medellín,Nocturno,Activo,2017-12-23
7843496183260190248,Rebecca Lee,Enfermero/a,CO,Ibagué,Diurno,Activo,2020-01-31
7856158093383629473,Kyle Rowland,Personal de Laboratorio,ES,Madrid,Diurno,Activo,2018-11-17
7873299521543802152,Luis Lopez,Médico General,EC,Guayaquil,Tarde,Activo,2021-07-01
7882543198554528634,Erin Brown,Personal de TI / Soporte,AR,Rosario,Diurno,Activo,2023-11-03
7890514731389966130,Sarah Schmitt,Auxiliar de Enfermería,CO,Barranquilla,Tarde,Activo,2024-08-25
7892182609283101325,Brad Ruiz,Personal de Laboratorio,CO,Bucaramanga,Tarde,Activo,2022-08-25
7900099425315766461,Jordan Potter,Administrativo - Facturación,CO,Cali,Nocturno,Activo,2022-06-26
7902710574628300406,Kathleen Marshall,Directivo / Gerencia,ES,Barcelona,Diurno,Activo,2019-07-29
7909076527411572862,Michael Baldwin,Médico General,CO,Bucaramanga,Nocturno,Activo,2021-02-17
7914566708248083039,James Morse,Enfermero/a,CO,Bucaramanga,Tarde,Activo,2021-12-07
7927306093833968145,Daniel Harris,Médico General,CO,Bucaramanga,Nocturno,Activo,2024-06-12
7928367734233485777,Eric Oneal,Enfermero/a,CO,Bucaramanga,Diurno,Activo,2021-10-27
7932427302332236827,Jacqueline Pierce,Auxiliar de Enfermería,CO,Ibagué,Tarde,Activo,2017-11-20
7935257978077484302,Jeremy Bell,Directivo / Gerencia,CO,Bogotá,Diurno,Activo,2021-12-07
7938737820913936350,Marc Simmons,Directivo / Gerencia,CO,Bucaramanga,Nocturno,Activo,2020-11-19
7945430536054881036,Robert Stewart,Auxiliar de Enfermería,MX,Puebla,Diurno,Activo,2020-02-13
7969346854913232318,David Brewer,Auxiliar de Enfermería,CO,Ibagué,Administrativo,Activo,2019-11-29
7969666057775296388,Ryan Hunt,Administrativo - Facturación,CO,Cali,Diurno,Activo,2022-06-21
8014230777046837384,Tammy Garcia,Personal de TI / Soporte,ES,Madrid,Tarde,Activo,2017-04-27
8028682046460868154,Curtis Gonzalez,Médico General,CO,Cali,Diurno,Activo,2019-08-23
8031251127307045561,Robert Sutton,Auxiliar de Enfermería,CO,Cali,Nocturno,Activo,2019-02-24
8048123294678137795,Yolanda Murillo,Administrativo - Facturación,CO,Medellín,Tarde,Activo,2023-06-14
8084987538445395216,Susan Smith,Enfermero/a,CO,Medellín,Tarde,Activo,2019-05-17
8107469090206224670,Rachel Powell,Enfermero/a,CO,Cali,Diurno,Activo,2020-04-30
8107853412942851966,Mary Kennedy,Directivo / Gerencia,CO,Barranquilla,Diurno,Activo,2021-04-17
8116487368360109064,Brittany Sanders,Directivo / Gerencia,CO,Medellín,Diurno,Activo,2018-09-20
8129218722516551507,Kara Black,Personal de TI / Soporte,CO,Medellín,Administrativo,Activo,2023-10-02
8131253236485467725,Miranda Murray,Personal de Laboratorio,CO,Medellín,Tarde,Activo,2023-10-22
8138085671522367951,Cole Carrillo,Enfermero/a,CO,Medellín,Diurno,Activo,2022-12-17
8138791753205341980,Jerry Hansen,Enfermero/a,CO,Bogotá,Administrativo,Activo,2020-01-19
8143863045192166734,Bethany Harding,Auxiliar de Enfermería,CO,Cali,Diurno,Inactivo,2016-10-06
8150849390634944312,Sandra Morgan,Auxiliar de Enfermería,CO,Bogotá,Tarde,Inactivo,2020-06-13
8164190381672790186,Jennifer Osborne,Auxiliar de Enfermería,CO,Ibagué,Nocturno,Activo,2021-07-08
8167719509815941075,Alexander Floyd,Auxiliar de Enfermería,CO,Ibagué,Administrativo,Activo,2024-12-23
8189731351319482664,Troy Rivera,Enfermero/a,ES,Madrid,Nocturno,Activo,2022-05-07
8196909183500976126,Lisa Camacho,Personal de Laboratorio,US,Los Ángeles,Tarde,Activo,2025-07-01
8208010732267620074,James Ferguson,Enfermero/a,CO,Cali,Administrativo,Activo,2018-05-17
8209181272339764491,Keith Hayes,Enfermero/a,CO,Ibagué,Diurno,Activo,2024-09-24
8223707220402651832,Brian Tran,Médico Especialista,CO,Medellín,Administrativo,Activo,2016-12-19
8251644426149334304,Katherine Lopez,Médico General,CO,Ibagué,Nocturno,Activo,2017-04-21
8259732962990214814,Diane Hall,Administrativo - Facturación,AR,Córdoba,Administrativo,Activo,2022-08-13
8270985377818672122,Anthony Stone,Enfermero/a,CO,Medellín,Diurno,Activo,2018-03-23
8277931011375959014,Jennifer Moore,Médico General,US,Miami,Diurno,Activo,2017-09-04
8294387721506985456,Karen Jones,Personal de Laboratorio,CO,Medellín,Nocturno,Activo,2025-04-10
8304988689395301887,Beverly Harris,Auxiliar de Enfermería,CO,Bucaramanga,Tarde,Activo,2020-07-26
8326417423146616579,Karen Munoz,Médico Especialista,AR,Rosario,Tarde,Activo,2025-02-17
8338263648206765979,Kathryn Cohen,Enfermero/a,CO,Medellín,Administrativo,Activo,2019-02-27
8340654891168304420,Charles Brown,Médico General,MX,Puebla,Nocturno,Activo,2020-04-09
8340802072125642843,Kelly Kent,Farmacéutico/a,CO,Bogotá,Diurno,Activo,2024-08-04
8344573923239405262,Kenneth Mclaughlin,Enfermero/a,AR,Córdoba,Tarde,Activo,2019-04-09
8345127732996232840,Joyce Graves,Médico Especialista,CO,Cali,Diurno,Inactivo,2023-01-31
8348861327590279520,Louis Patrick,Médico Especialista,CO,Bucaramanga,Diurno,Activo,2018-04-03
8356992510530290160,Steven Quinn,Auxiliar de Enfermería,AR,Rosario,Diurno,Activo,2020-10-18
8358109616286723353,Catherine Carroll,Médico Especialista,CO,Medellín,Nocturno,Activo,2020-03-21
8361688307536595877,Cynthia Harrell,Administrativo - Facturación,CO,Barranquilla,Nocturno,Inactivo,2019-02-21
8363906608128160758,Dorothy Hendricks,Médico General,ES,Valencia,Tarde,Activo,2022-12-17
8366569948902704755,Claudia Snyder,Auxiliar de Enfermería,CO,Bucaramanga,Tarde,Inactivo,2025-08-10
8374807268953954786,Whitney Jones,Enfermero/a,PE,Arequipa,Nocturno,Activo,2017-08-16
8383002128417310799,Erika Hayes,Enfermero/a,CO,Medellín,Nocturno,Activo,2018-12-14
8388577644593099993,Julia Jones,Médico Especialista,CO,Ibagué,Administrativo,Activo,2022-12-05
8389747347037411987,Jane Reese,Administrativo - Facturación,CO,Medellín,Tarde,Activo,2024-05-18
8413000931095515275,Adam Wilson,Administrativo - RRHH,CO,Cali,Nocturno,Activo,2024-12-06
8422559403963253770,Paul Washington,Médico Especialista,US,Houston,Tarde,Inactivo,2017-04-17
8431461647461074521,Dana Dodson,Médico General,CO,Medellín,Tarde,Activo,2017-12-10
8433963334269906340,Sarah Jackson,Personal de TI / Soporte,CO,Cali,Administrativo,Activo,2016-11-03
8434093728654512964,Edward Nichols,Auxiliar de Enfermería,CO,Bucaramanga,Tarde,Activo,2020-03-12
8440780253861258665,Phillip Byrd,Médico General,CO,Ibagué,Tarde,Activo,2018-01-22
8450058182254465767,Daniel Johnson,Médico General,CO,Barranquilla,Diurno,Inactivo,2022-10-02
8458887570076075152,Michael Copeland,Farmacéutico/a,ES,Sevilla,Tarde,Activo,2023-12-25
8470018704340396080,Michelle Prince,Personal de Laboratorio,MX,Monterrey,Tarde,Activo,2020-03-11
8470602063535360112,Anthony Smith,Auxiliar de Enfermería,AR,Córdoba,Nocturno,Activo,2023-08-18
8474482412319524587,Tanya Brooks,Personal de TI / Soporte,CO,Ibagué,Tarde,Activo,2018-10-29
8478117085936271912,Javier Hays,Auxiliar de Enfermería,CO,Ibagué,Diurno,Activo,2019-09-18
8478576679050623501,Michael Walker,Enfermero/a,CO,Barranquilla,Administrativo,Activo,2024-08-14
8479837822148308206,Sandra Jackson,Enfermero/a,MX,Guadalajara,Diurno,Activo,2018-03-08
8484550829612339249,Brian Murphy,Enfermero/a,CO,Medellín,Administrativo,Activo,2021-09-26
8489338250336240906,Daniel Weaver,Médico General,CO,Ibagué,Diurno,Activo,2025-02-16
8490458181833622284,Daniel Kelly,Médico Especialista,CO,Medellín,Tarde,Activo,2018-03-29
8497051731001091500,Eugene Price,Enfermero/a,ES,Valencia,Tarde,Activo,2020-10-21
8502789369714379592,Robert Santos,Farmacéutico/a,ES,Madrid,Nocturno,Activo,2019-12-31
8520748509858216369,Daniel Turner,Médico Especialista,PE,Cusco,Diurno,Activo,2022-01-25
8524240819600216355,Mrs. Kimberly Mooney,Enfermero/a,CO,Barranquilla,Administrativo,Activo,2024-05-01
8544924152248018260,Tyler Greene,Farmacéutico/a,EC,Guayaquil,Tarde,Activo,2025-07-05
8571789286161545258,Megan Compton,Auxiliar de Enfermería,CO,Ibagué,Tarde,Activo,2022-12-03
8574417803001980473,Mark Henson,Personal de Laboratorio,CO,Bogotá,Tarde,Activo,2019-07-17
8591115180587750173,Karen Rogers,Administrativo - Facturación,CO,Bucaramanga,Diurno,Activo,2022-02-26
8593754926928862620,Janet Davidson,Farmacéutico/a,CO,Ibagué,Tarde,Activo,2018-10-08
8596062905004572439,Virginia Hall,Médico Especialista,CO,Bogotá,Diurno,Activo,2022-03-23
8596519474811286674,Ellen Rojas,Enfermero/a,CO,Cali,Diurno,Activo,2023-06-30
8600982605690593603,Amy Brooks,Auxiliar de Enfermería,CO,Bogotá,Nocturno,Activo,2019-05-07
8627409952857565400,Dan Johnson,Médico General,CO,Medellín,Tarde,Activo,2024-12-27
8690117992052286727,Theresa Stevenson,Médico Especialista,AR,Córdoba,Diurno,Activo,2019-08-21
8707440539467987708,Mason Hodges,Médico General,CO,Barranquilla,Diurno,Activo,2021-05-14
8718447927592631812,Maria Roberts,Enfermero/a,CO,Ibagué,Diurno,Activo,2016-11-21
8740654023313616821,Erin Allen,Enfermero/a,CO,Medellín,Diurno,Activo,2021-07-13
8742133483057749452,Mary Wright,Médico General,ES,Sevilla,Nocturno,Activo,2022-11-12
8747383559868588757,Lisa James,Administrativo - Facturación,CO,Bogotá,Diurno,Activo,2019-07-29
8748932667157729535,Aaron Kane,Personal de TI / Soporte,CO,Medellín,Administrativo,Activo,2017-04-23
8752100472405413167,Mark Thomas,Médico General,CO,Barranquilla,Diurno,Inactivo,2018-07-08
8756564039081363217,Kevin Guerra,Personal de TI / Soporte,CO,Cali,Diurno,Activo,2025-01-23
8760946183066304150,Blake Hardy,Médico Especialista,CO,Bogotá,Administrativo,Activo,2019-06-25
8791267059452604612,Danielle Thompson,Personal de TI / Soporte,CO,Barranquilla,Diurno,Activo,2018-12-02
8802721495472421004,Jerome Reid,Personal de TI / Soporte,CO,Bogotá,Tarde,Activo,2019-02-15
8807406940600630944,Angela Kaufman,Médico Especialista,CO,Barranquilla,Administrativo,Activo,2020-04-06
8817441272981932708,Jeremy Wagner,Personal de Laboratorio,CO,Ibagué,Administrativo,Activo,2023-04-17
8852185116312221207,Sally Leon,Directivo / Gerencia,CO,Cali,Nocturno,Activo,2016-11-09
8856379769249485764,Scott Blake,Personal de TI / Soporte,CO,Medellín,Diurno,Activo,2024-12-21
8862763193528896112,Brittany Barber,Directivo / Gerencia,CO,Barranquilla,Tarde,Activo,2018-12-29
8863823896307119981,Jesse Brooks,Auxiliar de Enfermería,CO,Bogotá,Administrativo,Activo,2022-02-18
8869106224997016661,Chad Harrison,Médico Especialista,CO,Cali,Administrativo,Activo,2018-01-26
8881835235266224325,Adam Mason,Administrativo - Facturación,CO,Medellín,Diurno,Activo,2023-03-17
8883671329273381018,Timothy Bentley DVM,Auxiliar de Enfermería,CO,Bogotá,Tarde,Inactivo,2020-01-14
8887003545009014284,Martin Chapman MD,Auxiliar de Enfermería,CO,Cali,Diurno,Activo,2017-01-10
8888141129028797523,Janice Cunningham,Enfermero/a,CO,Bogotá,Diurno,Activo,2018-06-05
8894090369644337263,David Gentry,Auxiliar de Enfermería,CO,Bucaramanga,Nocturno,Activo,2023-03-07
8899199859948769537,Katherine Barker,Médico General,CO,Bucaramanga,Diurno,Activo,2022-12-12
8901142982306761498,Tammy Fitzgerald,Personal de Laboratorio,CO,Cali,Diurno,Activo,2018-11-10
8901148545741871460,Robert Mccoy,Médico Especialista,CO,Medellín,Diurno,Activo,2022-10-07
8916689219758601516,Maria Green,Personal de Laboratorio,MX,Guadalajara,Tarde,Activo,2020-10-11
8923356126633233635,Dawn Guzman,Administrativo - Facturación,CO,Bogotá,Diurno,Activo,2025-03-30
8931520167379829601,Alexandria Wise,Enfermero/a,CO,Cali,Tarde,Activo,2022-06-24
8951893268081239674,Jennifer Willis,Auxiliar de Enfermería,ES,Sevilla,Diurno,Activo,2024-10-14
8962553687258215910,Chelsea Henderson,Enfermero/a,CO,Bucaramanga,Administrativo,Activo,2024-02-23
8969580370618768381,Eric Ponce,Directivo / Gerencia,CO,Medellín,Diurno,Activo,2022-08-09
8977369964577588981,Eric Jenkins,Personal de Laboratorio,CO,Bucaramanga,Tarde,Activo,2024-07-25
9012401630033829559,Ann Fields,Enfermero/a,EC,Guayaquil,Diurno,Activo,2023-09-01
9024245706766673660,Charles Goodman,Médico General,US,Houston,Diurno,Activo,2025-01-17
9029203906349914857,Eric Benitez,Médico General,CO,Ibagué,Diurno,Activo,2024-01-10
9035594115599746514,Benjamin Horton,Enfermero/a,MX,Ciudad de México,Diurno,Activo,2021-05-27
9044338020301647308,Morgan Jackson,Personal de TI / Soporte,CO,Bogotá,Diurno,Inactivo,2020-01-19
9044826428801549885,Christina White,Personal de Laboratorio,CO,Bogotá,Tarde,Activo,2025-03-19
9047630898604864720,Robert Lopez,Médico General,CO,Cali,Nocturno,Activo,2017-03-17
9052416001630545173,Peter Green,Administrativo - Facturación,CO,Medellín,Diurno,Activo,2024-10-18
9058230554134621612,Mark Weber,Enfermero/a,CO,Medellín,Tarde,Activo,2024-06-29
9067090451331590654,Edward Gray,Administrativo - Facturación,ES,Sevilla,Tarde,Activo,2019-03-03
9084946756247065648,Kevin Woods,Médico General,CO,Bogotá,Diurno,Inactivo,2022-09-25
9089703318795848308,Antonio Walton,Auxiliar de Enfermería,CO,Cali,Tarde,Activo,2016-09-28
9100203670858671100,Victoria Davis,Personal de TI / Soporte,CO,Medellín,Diurno,Activo,2021-05-18
9103041805113206511,Larry Hatfield,Enfermero/a,CO,Cali,Diurno,Inactivo,2023-07-13
9110511015778334960,Kara Rogers,Farmacéutico/a,CO,Bogotá,Tarde,Inactivo,2020-07-17
9128908242583099583,Steve Key,Directivo / Gerencia,US,Miami,Administrativo,Activo,2024-01-11
9132371327026235828,Mary Gray,Médico General,CO,Medellín,Administrativo,Activo,2017-03-12
9140519345049536120,Gary Garcia,Médico Especialista,CO,Barranquilla,Administrativo,Activo,2020-10-15
9140584521226721577,Molly Barron,Farmacéutico/a,CO,Bucaramanga,Tarde,Inactivo,2017-12-05
9147936980495547695,Sheila Ramirez,Enfermero/a,US,Los Ángeles,Diurno,Activo,2022-12-21
9177469778994184305,Isabella Montgomery,Médico Especialista,PE,Arequipa,Diurno,Activo,2022-08-10
9179832068285670213,Jason Lopez,Enfermero/a,CO,Bogotá,Diurno,Activo,2025-07-21
9187211201404711669,Robin Smith,Personal de Laboratorio,CO,Bogotá,Diurno,Activo,2019-12-02
9194149509860082582,Robert Nguyen,Enfermero/a,CO,Barranquilla,Diurno,Activo,2020-09-04
9195290944028678566,Jennifer Salazar,Enfermero/a,ES,Madrid,Tarde,Activo,2017-05-30
9201822717936516630,Timothy Galvan,Administrativo - Facturación,AR,Rosario,Diurno,Activo,2025-07-23
9202409490497862511,Susan Navarro,Auxiliar de Enfermería,ES,Barcelona,Diurno,Inactivo,2019-04-28
